state,township,admin3_pcode,population,conflict_score,vulnerability_score,conflict_affected,vulnerable,caseload,tsp_moderate,tsp_severe,tsp_pin
Ayeyarwady,Hinthada,MMR017008,338333.0329836413,0.02850285154507253,0.37243816030107507,9643.456211926856,126008.13237351032,126008.13237351032,6391.153691557194,0,5100.0575630027215
Ayeyarwady,Zalun,MMR017009,168152.32215033146,0.014266670981023907,0.4299094494622932,2398.973854813917,72290.27224145517,72290.27224145517,3176.41858667394,0,2925.8790105999915
Ayeyarwady,Lemyethna,MMR017010,102992.95991876331,0.0041060905843069125,0.41481742294229823,422.89842297233326,42723.27421470081,42723.27421470081,1945.550010841043,0,1729.1832969086172
Ayeyarwady,Myanaung,MMR017011,218515.143772356,0.04210229529885489,0.40453461443490674,9199.989110375465,88396.93943413824,88396.93943413824,4127.778643031198,0,3577.7808226776365
Ayeyarwady,Kyangin,MMR017012,96054.05117132452,0.02083187209713271,0.3356604542859473,2000.9857084124728,32241.54645217242,32241.54645217242,1814.4731488938496,0,1304.9454803353083
Ayeyarwady,Ingapu,MMR017013,214319.40828568256,0.02619792196858201,0.38779333130591137,5614.72313462098,83111.63730261658,83111.63730261658,4048.52067017536,0,3363.863319093653
Ayeyarwady,Labutta,MMR017016,315123.0280291265,0.020975711892544806,0.5949337207696155,6609.929846645279,187477.31556555608,187477.31556555608,5952.713768804278,0,7587.9634364183685
Ayeyarwady,Mawlamyinegyun,MMR017018,311246.19643100415,0.028914371715292986,0.5463857414931795,8999.488218577151,170060.48382388602,170060.48382388602,5879.479930649658,0,6883.033978497734
Ayeyarwady,Maubin,MMR017019,313998.3669801612,0.08116468345221986,0.48948984613358465,25485.578060458753,153699.01233931596,153699.01233931596,5931.468779654215,0,6220.819208585972
Ayeyarwady,Pantanaw,MMR017020,264516.27992181526,0.016046628349599308,0.5068077306840996,4244.594436323947,134058.89555617524,134058.89555617524,4996.745910355807,0,5425.90443402837
Ayeyarwady,Nyaungdon,MMR017021,215840.9497225939,0.02804921077889039,0.4587629384578047,6054.1682934849205,99019.82833426047,99019.82833426047,4077.2627799410457,0,4007.7320000779555
Ayeyarwady,Danubyu,MMR017022,179298.96276896607,0.01686962130823789,0.3888665170927226,3024.7056028723023,69723.36317030557,69723.36317030557,3386.980034694573,0,2821.985842950687
Ayeyarwady,Myaungmya,MMR017014,298547.0237154422,0.04783895791350892,0.5112612136683524,14282.17850272639,152635.5136818314,152635.5136818314,5639.590955384538,0,6177.775126674895
Ayeyarwady,Einme,MMR017015,194042.51934686952,0.012107521544217082,0.5342165445751804,2349.3739834863827,103660.72418614723,103660.72418614723,3665.4876791258102,0,4195.567781330267
Ayeyarwady,Wakema,MMR017017,289018.8953086076,0.025025509960002194,0.5715192676323373,7232.845243174391,165179.8673786826,165179.8673786826,5459.603407305197,0,6685.495737555534
Ayeyarwady,Pathein,MMR017001,380870.2131022873,0.2565426292958914,0.29386295408606705,97709.44588974725,111923.64594562803,111923.64594562803,7194.686392299609,0,4530.001566024617
Ayeyarwady,Kangyidaunt,MMR017002,177936.37342697513,0.024123487990096133,0.4624637398701249,4292.445967366895,82289.12071396603,82289.12071396603,3361.2405500620957,0,3330.572753876734
Ayeyarwady,Thabaung,MMR017003,154353.48085355895,0.004592279732740356,0.48380978315327666,708.8343618017253,74677.724100713793,74677.724100713793,2915.7567331287573,0,3022.5088207698986
Ayeyarwady,Ngapudaw,MMR017004,324381.2377842096,0.019734856242091512,0.46246669784918754,6401.61709530308,150015.5198822955,150015.5198822955,6127.602519487605,0,6071.733405869641
Ayeyarwady,Kyonpyaw,MMR017005,235655.97785729857,0.025174857693068715,0.4219737769130511,5932.605707078444,99440.64302858262,99440.64302858262,4451.57116211297,0,4024.7640687545922
Ayeyarwady,Yegyi,MMR017006,194041.51964815924,0.02818176645327415,0.37911005209986554,5468.432788962831,73563.09062335073,73563.09062335073,3665.468794691008,0,2977.3951063681084
Ayeyarwady,Kyaunggon,MMR017007,162985.87921606208,0.010240251596346011,0.42948465202079134,1669.016409824138,69999.93361941315,69999.93361941315,3078.8238276272473,0,2833.1797649944892
Ayeyarwady,Pyapon,MMR017023,314027.3582427568,0.05929537843798585,0.5090367310268752,18620.37104688522,159851.45989289836,159851.45989289836,5932.016428263418,0,6469.833586353402
Ayeyarwady,Bogale,MMR017024,322567.78432392236,0.024745776953726324,0.5581411719660054,7982.190443337481,180038.3611810317,180038.3611810317,6093.346154760303,0,7286.878936116694
Ayeyarwady,Kyaiklat,MMR017025,193281.7486284138,0.01845243276495985,0.5130513467533266,3566.5184712596765,99163.46143664564,99163.46143664564,3651.1166242429663,0,4013.545411294508
Ayeyarwady,Dedaye,MMR017026,202864.86046430896,0.015633659875416338,0.5150071144494756,3171.520229172801,104476.84641091926,104476.84641091926,3832.142816236309,0,4228.599540839609
Bago,Bago,MMR007001,498305.6738756886,0.2020074720860856,0.24332351086014914,100661.46950578124,121249.48604896505,121249.48604896505,20569.48530264683,9523.820416475171,21941.95162788571
Bago,Thanatpin,MMR007002,147318.53400533367,0,0.43013318842814396,0,63366.59074627412,63366.59074627412,6081.139707805421,2815.611652527965,11467.155154928143
Bago,Kawa,MMR007003,200122.7076537796,0.011055443952787269,0.4029222898536045,2212.445378146392,80633.89961956434,80633.89961956434,8260.835285686962,3824.8264647069377,14591.939171649587
Bago,Waw,MMR007004,178475.18666098692,0.015707630475399966,0.3880496905034165,2803.422281098816,69257.24094633546,69257.24094633546,7367.250507820132,3411.0902517641443,12533.158533238086
Bago,Nyaunglebin,MMR007005,202272.3514078065,0.058541179902663366,0.2853323837699903,11841.262113099145,57714.85219795059,57714.85219795059,8349.570108352082,3865.9113291707868,10444.386499309328
Bago,Kyauktaga,MMR007006,254724.6729889659,0.04647836555439756,0.33488685264313905,11839.186466905536,85303.9440278276,85303.9440278276,10514.741637429472,4868.40140174176,15437.055236428692
Bago,Daik-U,MMR007007,205361.95731276876,0.022114394174813062,0.31071301841149473,4541.455272525703,63808.63362354292,63808.63362354292,8477.10548790898,3924.9611320110457,11547.149584154558
Bago,Shwegyin,MMR007008,108964.63070530172,0.012519824314291248,0.3533901181214878,1364.2180329020032,38507.02371601087,38507.02371601087,4497.934676056263,2082.5762759500863,6968.435737280971
Bago,Taungoo,MMR007009,265720.30358739407,0.07939144047562782,0.22986540306205971,21095.91766542435,61079.90468588921,61079.90468588921,10968.628626571252,5078.5543594049595,11053.344288093918
Bago,Yedashe,MMR007010,216579.6501669196,0.02794039875706769,0.3445640534911482,6051.321788329956,74625.56216520866,74625.56216520866,8940.158951656265,4139.358233691974,13504.63848210896
Bago,Kyaukkyi,MMR007011,114913.6683962809,0.288600521632649,0.42624288625503093,33164.14464188792,48981.1336873843,48981.1336873843,4743.504112177144,2196.276700388485,8863.886364133283
Bago,Phyu,MMR007012,260870.42336309663,0.04986879399518637,0.34638982274538227,13009.29340213132,90362.85970825587,90362.85970825587,10768.431146945182,4985.861478871663,16352.5435140836
Bago,Oktwin,MMR007013,162062.85939557207,0.00472556164387794,0.3686540081644968,765.838032256899,59745.12269077692,59745.12269077692,6689.768507981617,3097.4111875132653,10811.795041784542
Bago,Htantabin,MMR007014,118915.85891380176,0.023987405705428164,0.3850866464661354,2852.4829525748187,45792.909320756014,45792.909320756014,4908.709935318292,2272.768190972831,8286.928332301677
Bago,Pyay,MMR008001,255161.6996200912,0.11971432972774175,0.23332655820263154,30546.511842210595,59536.0011574896,59536.0011574896,10532.781594301485,4876.754032205874,10773.951297309726
Bago,Paukkhaung,MMR008002,126601.8493173508,0.004143926623950349,0.48451825189356834,524.6287740275203,61340.90671773576,61340.90671773576,5225.978782394529,2419.6659610841416,11100.576603414778
Bago,Padaung,MMR008003,146230.53035058329,0.011722197724425804,0.34168312088997344,1714.143190117186,49964.50397958328,49964.50397958328,6036.228167843311,2794.8172848064037,9041.842280375402
Bago,Paungde,MMR008004,139484.50209796958,0.05095011146748021,0.4017151933361633,7106.750929877527,56033.04372768432,56033.04372768432,5757.759877658851,2665.8844530715023,10140.037497062438
Bago,Thegon,MMR008005,132788.15900759524,0.014157259290152735,0.3576972266321878,1879.9163977325563,47497.95620661078,47497.95620661078,5481.342533847315,2537.901224336003,8595.482681782336
Bago,Shwedaung,MMR008006,123372.31377179622,0.00743983658345991,0.34393620546500714,917.8698533855044,42432.205458109835,42432.205458109835,5092.667268154712,2357.9417661231223,7678.757493869817
Bago,Thayarwady,MMR008007,153216.87255117073,0.014910852451896611,0.35190213903830325,2284.5941797515547,53917.34518751607,53917.34518751607,6324.616341504955,2928.343094313914,9757.169440955271
Bago,Letpadan,MMR008008,179887.66484464705,0.005381552475295235,0.37291585383825243,968.07490801979,67082.96213051095,67082.96213051095,7425.555983278865,3438.0861084613816,12139.689479001503
Bago,Minhla,MMR008009,124203.77975212738,0.009433202170108337,0.32548730092995093,1171.639364693426,40426.75303681803,40426.75303681803,5126.989227864805,2373.8330816232906,7315.840161566727
Bago,Okpho,MMR008010,128433.10243988504,0.022186264772244776,0.3337742498237154,2849.450816252126,42867.662419405024,42867.662419405024,5301.570805853589,2454.6656144906096,7757.560100727108
Bago,Zigon,MMR008011,68467.1675486599,0.00417863146503408,0.27344743230216245,286.09906064059055,18722.171163182993,18722.171163182993,2826.2459579325446,1308.5723128266525,3388.0636315906636
Bago,Nattalin,MMR008012,174548.03087827645,0.04893497007680683,0.328675206573561,8541.502667994013,57369.610105925814,57369.610105925814,7205.142032262578,3336.032855505424,10381.909654829687
Bago,Monyo,MMR008013,129353.79891566635,0.015401767085203286,0.4153136456048389,1992.2770824853144,53722.39780050065,53722.39780050065,5339.576097825254,2472.262339459088,9721.890725347786
Bago,Gyobingauk,MMR008014,119075.0542295481,0.025433879536162333,0.2997366363000881,3028.5405850363236,35691.15622201533,35691.15622201533,4915.281334921323,2275.810796501522,6458.861384785699
Chin,Falam,MMR004001,51831.49727101556,0.17844031423720091,0.593225662775873,9248.828660424639,30747.77432126406,30747.77432126406,39320.23655756776,1820.3552895670643,41653.002488268794
Chin,Tedim,MMR004004,94465.77959061916,0.08664071008716996,0.6885896895950224,8184.582222669332,65048.16184565625,65048.16184565625,71663.31276668179,3317.698515667261,88118.61368907834
Chin,Tonzang,MMR004005,34367.46198817385,0.00542622578189788,0.8516339875135465,186.4856082986243,29268.49869370873,29268.49869370873,26071.728705662685,1207.007215941487,39649.07626090651
Chin,Hakha,MMR004002,52127.97296104466,0.2307112347216288,0.35313959133559775,12026.509005378293,18408.4510686164,18408.4510686164,39545.147950818806,1830.7677051635226,24937.325549315756
Chin,Thantlang,MMR004003,54307.87785282231,0.15156370265773625,0.5215185183937717,8231.10305085782,28322.56399491382,28322.56399491382,41198.86008592297,1907.3273572945757,38367.64951596661
Chin,Matupi,MMR004007,55361.17512248934,0.20252516117905442,0.5095281380082838,11212.030914744011,28208.076478112514,28208.076478112514,41997.90892667308,1944.3198301590846,38212.55702789333
Chin,Paletwa,MMR004009,104632.20052507172,0.07958974031729892,0.6103640359139725,8327.649668618005,63863.732199042846,63863.732199042846,79375.72890616352,3674.749712302188,86514.10565210316
Chin,Mindat,MMR004006,45926.77961905409,0.2884887627580884,0.5656332895507408,13249.359829764304,25977.715434397483,25977.715434397483,34840.81946361851,1612.97783421505,35191.15999495905
Chin,Kanpetlet,MMR004008,23171.461839256557,0.11883175257090153,0.5440814421412696,2753.505419988622,12607.162374024103,12607.162374024103,17578.2566368909,813.7965396897667,17078.509821508487
Kachin,Bhamo,MMR001010,154328.6819752977,0.11084049016705419,0.29625157736347496,17105.866756977415,45720.115467608026,45720.115467608026,14179.140583294427,0,10085.222184032134
Kachin,Shwegu,MMR001011,107655.37796938862,0.14603052772495806,0.4295958159853254,15720.971657299644,46248.29994396813,46248.29994396813,9890.972431294325,0,10201.732340311646
Kachin,Momauk,MMR001012,71457.52921976405,0.3086317147003012,0.4492513518325122,22054.059771342658,32102.39160059024,32102.39160059024,6565.249826367859,0,7081.34151936117
Kachin,Mansi,MMR001013,60134.76943987677,0.08959433428114394,0.3701146446951854,5387.7346351158385,22256.758825066885,22256.758825066885,5524.957116969931,0,4909.5317356809155
Kachin,Mohnyin,MMR001007,237713.2149515665,0.2237081413072501,0.33588677782525395,53178.38148098576,79844.72581656366,79844.72581656366,21840.19878977941,0,17612.63706023838
Kachin,Mogaung,MMR001008,150615.76175055586,0.12424633306668105,0.32693432772040204,18713.456099551444,49241.46281201422,49241.46281201422,13838.01139611198,0,10861.982478538583
Kachin,Hpakant,MMR001009,376752.9342027131,0.46162538529657793,0.21209299104279536,173918.7184129437,79906.6566992029,173918.7184129437,34614.646810007784,0,38364.05265422711
Kachin,Myitkyina,MMR001001,360733.65404065774,0.37583844250262366,0.243853040149874,135577.57469292107,87965.99822218726,135577.57469292107,33142.85541936195,0,29906.529105751117
Kachin,Waingmaw,MMR001002,142592.4921061458,0.22136727210465437,0.5552062405538303,31565.31100014196,79168.24147345492,79168.24147345492,13100.863467614941,0,17463.414014003854
Kachin,Injangyang,MMR001003,1967.200314852518,0.014251920402485976,0.8432187890617702,28.036382303023437,1658.7802673318731,1658.7802673318731,180.73898813092683,0,365.90387796335534
Kachin,Tanai,MMR001004,68169.3970537721,0.0844205724664121,0.4924487876963875,5754.899523969588,33569.93693712376,33569.93693712376,6263.1485731120665,0,7405.061628829545
Kachin,Chipwi,MMR001005,22760.235051575983,0.009903139721869946,0.7971244157307238,225.39778781835878,18142.739067381444,18142.739067381444,2091.125048011341,0,4002.0361420805175
Kachin,Tsawlaw,MMR001006,7403.124510513114,0.004007686468096422,0.9397226437530177,29.669401922416352,6956.883737052149,6956.883737052149,680.1713190747005,0,1534.5918854111198
Kachin,Puta-O,MMR001014,69368.79863141889,0.08925691420871644,0.5007010648533948,6191.644908206282,34733.03134235216,34733.03134235216,6373.345092434384,0,7661.6240932450955
Kachin,Sumprabum,MMR001015,2891.7390309552607,0.03241480286265409,0.4353480944783377,93.73515061865714,1258.9130768550076,1258.9130768550076,265.68213844188205,0,277.69873196102236
Kachin,Machanbaw,MMR001016,10060.889370071363,0.001572094959731218,0.5067514685371443,15.816673469102579,5098.370463073407,5098.370463073407,924.3567880275691,0,1124.6296815026876
Kachin,Nawngmun,MMR001017,8090.28166437326,0.0050065394868263734,0.48227442916641594,40.50431461223212,3901.7359714811355,3901.7359714811355,743.3047416031131,0,860.6687400799868
Kachin,Khaunglanhpu,MMR001018,13237.713435107447,0.0015946672604970492,0.5877771988651334,21.109748218807777,7780.826122266798,7780.826122266798,1216.2314703614045,0,1716.3421267817564
Kayah,Bawlake,MMR002005,12712.895004683189,0.04713663280580735,0.35900160835100126,599.243063734534,4563.949753478674,4563.949753478674,14498.88970683153,1212.1698653650915,10689.982422924248
Kayah,Hpasawng,MMR002006,29590.199595294787,0.004045342262270331,0.3901197439856675,119.70248497186044,11543.721090601204,11543.721090601204,33747.233826541116,2821.414653888154,27038.4605920801
Kayah,Mese,MMR002007,7305.63691656903,0,0.5116780872799024,0,3738.1343238314853,3738.1343238314853,8331.982908100075,696.5897944017835,8755.703365452295
Kayah,Loikaw,MMR002001,148449.29351548982,0.4595764551797723,0.24883180998262044,68223.80008779037,36938.90639610061,68223.80008779037,169304.46864740588,14154.585565909703,159798.25877962192
Kayah,Demoso,MMR002002,91567.29695033768,0.6918370098886993,0.4355239723913903,63349.64492571224,39879.7529089531,63349.64492571224,104431.2989878832,8730.908103563168,148381.69290496342
Kayah,Hpruso,MMR002003,33960.40177042233,0.20588286204371334,0.5616302416692359,6991.864712648939,19073.18865350664,19073.18865350664,38731.391983309324,3238.111824775754,44674.47331112624
Kayah,Shadaw,MMR002004,7794.683350452351,0.023731983326730852,0.558323197323621,184.9832953100818,4351.952530349751,4351.952530349751,8889.733939928898,743.2201920963482,10193.428623831787
Kayin,Hpa-An,MMR003001,437422.79044545017,0.1806588228618204,0.4493551329298284,79024.28641480776,196558.17614715174,196558.17614715174,231748.184136949,39708.579157709166,227251.49202922426
Kayin,Hlaingbwe,MMR003002,275878.0378153535,0.0433262551504233,0.6474132951659458,11952.762256786133,178607.10952595342,178607.10952595342,146161.18707913047,25043.790908353643,206497.29725012073
Kayin,Thandaunggyi,MMR003004,99662.77380742782,0.1216343621577784,0.5055045685362662,12122.417922941426,50379.98747265129,50379.98747265129,52801.6997751817,9047.235830531414,58247.01646093054
Kayin,Hpapun,MMR003003,36403.91058003586,0.3732072465066644,0.545504136182542,13586.203229650013,19858.483794628963,19858.483794628963,19286.924130806747,3304.6919284782675,22959.462487020013
Kayin,Kawkareik,MMR003006,228625.06669591743,0.2818898229473336,0.5172832311145776,64447.0795722345,118263.91321424999,118263.91321424999,121126.3912449828,20754.237677205605,136731.27853522997
Kayin,Kyainseikgyi,MMR003007,264429.2491780408,0.14345676412001868,0.6022724046900122,37934.164425767834,159258.43977283305,159258.43977283305,140095.577249878,24004.48719625932,184127.25822978746
Kayin,Myawaddy,MMR003005,218454.5912361622,0.5259480995841084,0.36866393681821275,114895.77710608272,80536.32962113699,114895.77710608272,115738.0363830712,19830.97730146258,132837.19500768697
Magway,Gangaw,MMR009023,132523.7540308305,0.6437177543842275,0.3531341570724657,85307.89334729392,46798.66417175611,85307.89334729392,25386.504916321057,10415.784355848971,52909.71469500987
Magway,Tilin,MMR009024,48583.26092104402,0.1689215450041511,0.5285707121115901,8206.759496122553,25679.688821739426,25679.688821739426,9306.70279636104,3818.4306863191855,15927.072580300297
Magway,Saw,MMR009025,68299.51859151479,0.2777425919210372,0.4521087659798334,18969.685320566383,30878.81106742644,30878.81106742644,13083.586993034309,5368.041846233969,19151.675414693287
Magway,Magway,MMR009001,287573.41447282815,0.16498274570842547,0.33358088661766805,47444.65151247425,95928.99456751614,95928.99456751614,55088.11573975856,22602.005908520558,59497.140702835495
Magway,Yenangyaung,MMR009002,133450.36147114506,0.02225117378353313,0.3717454561088991,2969.4271845697626,49609.56549298827,49609.56549298827,25564.00761771279,10488.61162633662,30768.875579796262
Magway,Chauk,MMR009003,184117.4949189052,0.021907239654426123,0.3605574175522734,4033.50608576104,66384.92849415427,66384.92849415427,35269.901038662974,14470.825530404856,41173.30165891093
Magway,Taungdwingyi,MMR009004,258356.4478971576,0.12879521160917629,0.46436752598715775,33275.07337750954,119972.3445328331,119972.3445328331,49491.25749319324,20305.680803562886,74409.32217938756
Magway,Myothit,MMR009005,158588.06803864965,0.03721029296104292,0.5479091561730579,5901.108471843961,86891.85453817203,86891.85453817203,30379.434980361522,12464.324831282685,53892.12009044198
Magway,Natmauk,MMR009006,205798.31943708163,0.050114504336342715,0.5745821434716943,10313.48077184167,118248.03950503083,118248.03950503083,39423.121434853485,16174.843006289166,73339.87264208887
Magway,Minbu,MMR009007,187093.17739622455,0.02853282079637917,0.309383279345363,5338.296102871654,57883.5007659877,57883.5007659877,35839.92849066455,14704.701088955862,35900.540863302704
Magway,Pwintbyu,MMR009008,162744.87673817252,0.08281801499216518,0.385927790077245,13478.207641600045,62807.77062595655,62807.77062595655,31175.721240574865,12791.031717450991,38954.67457999766
Magway,Ngape,MMR009009,51840.30595802967,0.03988527655647147,0.3903194714038051,2067.664939908109,20234.280818949668,20234.280818949668,9930.628600823833,4074.4201049002377,12549.718240384822
Magway,Salin,MMR009010,234667.31111563844,0.04276833129676345,0.4339990845997066,10036.329306314285,101845.39820966164,101845.39820966164,44953.320941625796,18443.8188143899,63166.616251270956
Magway,Sidoktaya,MMR009011,47251.014172093855,0.016250767207540533,0.42421400708650847,767.8652316308958,20044.542060845335,20044.542060845335,9051.495049724856,3713.721949781149,12432.03834976771
Magway,Pakokku,MMR009018,288460.2533534726,0.36209710605258677,0.26941996008110264,104450.62295048842,77716.94994347735,104450.62295048842,55258.00029945967,22671.7075450817,64782.43036113725
Magway,Yesagyo,MMR009019,214105.97155217687,0.4736173285304878,0.41451586180737454,101404.29826896662,88750.32131605581,101404.29826896662,41014.551234026585,16827.787933536805,62893.03697157703
Magway,Myaing,MMR009020,224464.6871322603,0.38100883393840806,0.43687249598780997,85523.02870461208,98062.4481285934,98062.4481285934,42998.886690894054,17641.937430544123,60820.352598036174
Magway,Pauk,MMR009021,170521.6185816712,0.3769268258072512,0.45152332387368815,64274.17242350411,76994.48801431745,76994.48801431745,32665.44884817803,13402.249431779743,47753.56926634407
Magway,Seikphyu,MMR009022,102174.37771855226,0.06554289710060798,0.39992522956558674,6696.804725125724,40862.11146481299,40862.11146481299,19572.72008511497,8030.456824833965,25343.52419930586
Magway,Thayet,MMR009012,103743.24739753985,0.016564479748840424,0.4214146316970841,1718.4529205954907,43718.92239309373,43718.92239309373,19873.255774810415,8153.763083234728,27115.377250905276
Magway,Minhla,MMR009013,145236.76834338708,0.009206273729736857,0.4476239384440284,1337.089444991602,65011.454252749914,65011.454252749914,27821.834361273966,11414.971381305597,40321.444610257706
Magway,Mindon,MMR009014,59013.55990853376,0.024029518281088947,0.5251378063003332,1418.0674166542497,30990.251392340713,30990.251392340713,11304.750908271648,4638.20632439422,19220.79300235577
Magway,Kamma,MMR009015,74759.92110993135,0.031206721454771408,0.44261282360710746,2333.0120340583126,33089.699775111316,33089.699775111316,14321.154110677535,5875.801077595284,20522.914184707253
Magway,Aunglan,MMR009016,233861.003568326,0.025933659039104037,0.43321448423305486,6064.871529083659,101311.97404307696,101311.97404307696,44798.86311884822,18380.44658652993,62835.77558274665
Magway,Sinbaungwe,MMR009017,117162.15364424168,0.005626552545553476,0.5011546773225829,659.2190138295355,58716.36130399882,58716.36130399882,22443.807234772048,9208.43011088688,36417.0981444385
Mandalay,Kyaukse,MMR010013,274709.3466889205,0.09633564005333206,0.3111733173329382,26464.300741909854,85482.2187115556,85482.2187115556,0,0,0
Mandalay,Sintgaing,MMR010014,158619.83773306131,0.07380108240311249,0.2649244599972944,11706.315715305991,42022.27485628973,42022.27485628973,0,0,0
Mandalay,Myittha,MMR010015,208374.00606965617,0.022272367912546276,0.4117127253000734,4640.982526594533,85790.22992063218,85790.22992063218,0,0,0
Mandalay,Tada-U,MMR010016,147647.73934006476,0.03499787446857468,0.41245079784297334,5167.357046992422,60897.42789052107,60897.42789052107,0,0,0
Mandalay,Aungmyaythazan,MMR010001,283094.198504246,0.16087958974849115,0.062036607134796154,45544.07851554101,17562.203574747906,45544.07851554101,0,0,0
Mandalay,Chanayethazan,MMR010002,210020.72620513552,0.5201921782989375,0.01800080067660109,109251.13905257419,3780.5412303736553,109251.13905257419,0,0,0
Mandalay,Mahaaungmyay,MMR010003,256821.2367566823,0.27930685408050404,0.061334217893539086,71731.93169957325,15751.929694922543,71731.93169957325,0,0,0
Mandalay,Chanmyathazi,MMR010004,302269.0082577384,0.2232315577297934,0.1016458731467276,67475.98156681472,30724.397269553232,67475.98156681472,0,0,0
Mandalay,Pyigyitagon,MMR010005,253183.75340437837,0.1422727056124062,0.13023571417079666,36021.137613945175,32973.56694106208,36021.137613945175,0,0,0
Mandalay,Amarapura,MMR010006,253098.54149568605,0.08576730713694179,0.16245945622340105,21707.580344372513,41118.25142232506,41118.25142232506,0,0,0
Mandalay,Patheingyi,MMR010007,280906.3827485704,0.05990531944889966,0.21430454091742251,16827.786593787987,60199.513395706155,60199.513395706155,0,0,0
Mandalay,Meiktila,MMR010028,329837.1910174255,0.10097853574114123,0.2521077308909758,33306.47658191073,83154.50579085649,83154.50579085649,0,0,0
Mandalay,Mahlaing,MMR010029,148510.50991557463,0.045619845230549246,0.43555878052498864,6775.026477458464,64685.056593971916,64685.056593971916,0,0,0
Mandalay,Thazi,MMR010030,215884.3706720267,0.02834084162621727,0.36846209675649094,6118.344758791493,79545.20787477047,79545.20787477047,0,0,0
Mandalay,Wundwin,MMR010031,244728.60176438157,0.05936031516916326,0.400030260756529,14527.166931642334,97898.8463783863,97898.8463783863,0,0,0
Mandalay,Myingyan,MMR010017,294083.33927898115,0.3176887232490019,0.3359011103515642,93426.96058434257,98782.92019970555,98782.92019970555,0,0,0
Mandalay,Taungtha,MMR010018,230755.97903655615,0.08709185830158564,0.37220683332220444,20096.967028495415,85888.95222736156,85888.95222736156,0,0,0
Mandalay,Natogyi,MMR010019,188614.4295927627,0.11377088728339269,0.3267407195467962,21458.83100921961,61628.01444204781,61628.01444204781,0,0,0
Mandalay,Ngazun,MMR010021,132326.63815718322,0.03108689539204724,0.4196455453775327,4113.624357973642,55530.284237446576,55530.284237446576,0,0,0
Mandalay,Kyaukpadaung,MMR010020,278971.0072723958,0.09655772603920006,0.4244291915221513,26936.806093087678,118403.43907474313,118403.43907474313,0,0,0
Mandalay,Nyaung-U,MMR010022,255579.2731874916,0.07772755928661182,0.41643521704245534,19865.55310910991,106432.21010138605,106432.21010138605,0,0,0
Mandalay,Pyinoolwin,MMR010008,272154.0545770091,0.05628263713974372,0.24297680085216994,15317.547899867812,66127.12152006853,66127.12152006853,0,0,0
Mandalay,Madaya,MMR010009,274809.470681634,0.21410315570519275,0.40204879432486273,58837.57489061148,110486.81635660466,110486.81635660466,0,0,0
Mandalay,Singu,MMR010010,167851.48289101702,0.0647246440588164,0.3937375135601907,10864.127484865587,66089.42552089994,66089.42552089994,0,0,0
Mandalay,Mogoke,MMR010011,178038.56657518548,0.2659036940260528,0.25663010715647955,47341.11253144515,45690.05641817587,47341.11253144515,0,0,0
Mandalay,Thabeikkyin,MMR010012,174366.9984594045,0.04415963681929542,0.44767290983033353,7699.983325237947,78059.3815787029,78059.3815787029,0,0,0
Mandalay,Yamethin,MMR010023,274905.3340789128,6.377309454941605e-4,0.40498733742575127,175.31563862353312,111333.17929275554,111333.17929275554,0,0,0
Mandalay,Pyawbwe,MMR010024,277250.79186566925,0.0020406761572403904,0.39719419155941754,565.7790805362893,110122.40413429284,110122.40413429284,0,0,0
Mon,Mawlamyine,MMR011001,278680.7196406106,0.17436172049775692,0.17800556311543758,48591.2497460899,49606.71842904228,49606.71842904228,9154.124146645749,2200.1394922977247,5594.32714193981
Mon,Kyaikmaraw,MMR011002,188565.08118107164,0.020404010573425016,0.46202843259524023,3847.483910197332,87122.42890028477,87122.42890028477,6193.999229942858,1488.6910099479503,9825.108051961783
Mon,Chaungzon,MMR011003,117607.3699214522,0.011075180001197364,0.3494134019059278,1302.5227913474878,41093.5912134635,41093.5912134635,3863.175271722596,928.4912838001297,4634.271323834803
Mon,Thanbyuzayat,MMR011004,164226.21257492076,0.03414751359208721,0.47929128208490285,5607.91682607911,78712.19197698157,78712.19197698157,5394.514338785227,1296.539554019119,8876.655540282756
Mon,Mudon,MMR011005,183679.78085508436,0.031307570134732614,0.28238548796271584,5750.56762145287,51868.50454564771,51868.50454564771,6033.526536548753,1450.122349034484,5849.396855520794
Mon,Ye,MMR011006,253869.98090638287,0.29549334619616324,0.41618046652902263,75016.89015678315,105655.72709133249,105655.72709133249,8339.13923188017,2004.2626975461847,11915.174405537431
Mon,Thaton,MMR011007,229296.140236455,0.23258859794501996,0.3673469899976658,53331.667771801745,84231.2469339444,84231.2469339444,7531.935961619807,1810.2561749382908,9499.059116277387
Mon,Paung,MMR011008,210376.07410109657,0.0320573143241868,0.3781246518449696,6744.091933747267,79548.37977598867,79548.37977598867,6910.448280343632,1660.8852936122732,8970.955430456615
Mon,Kyaikto,MMR011009,177704.36423321342,0.27577728085728487,0.3354184038811118,49006.82636470815,59605.314213812184,59605.314213812184,5837.245625350165,1402.947395167332,6721.90456595413
Mon,Bilin,MMR011010,174375.27232961828,0.17608377537787254,0.4433857881535719,30704.65628434386,77315.51755636153,77315.51755636153,5727.8913771610405,1376.6647496365108,8719.147568234492
Nay Pyi Taw,Za Bu Thi Ri,MMR018002,123719.9083172146,0.02056206362483853,0.018317609672832545,2543.9366264777564,2266.252989313366,2543.9366264777564,NA,NA,NA
Nay Pyi Taw,Det Khi Na Thi Ri,MMR018004,57490.06829779366,0.006523080520147097,0.24968905460156482,375.012344615264,14354.640802255492,14354.640802255492,NA,NA,NA
Nay Pyi Taw,Pyinmana,MMR018006,210082.69677906152,0.0765608003872429,0.18707611749101555,16084.099412915406,39301.45526546911,39301.45526546911,NA,NA,NA
Nay Pyi Taw,Lewe,MMR018007,318535.16586296825,0.009441012282533518,0.3421935398467625,3007.2944133311344,109000.67597232472,109000.67597232472,NA,NA,NA
Nay Pyi Taw,Zay Yar Thi Ri,MMR018001,124654.0323228326,0.13789506949423863,0.15812644259831993,17189.17644989407,19711.098686745507,19711.098686745507,NA,NA,NA
Nay Pyi Taw,Tatkon,MMR018003,243155.61481010212,0.01964530756152573,0.25703246229824833,4776.866838256337,62498.886396284965,62498.886396284965,NA,NA,NA
Nay Pyi Taw,Poke Ba Thi Ri,MMR018005,130476.06659285932,0.015855586094371807,0.19141812597144536,2068.7745071180702,24975.48415133064,24975.48415133064,NA,NA,NA
Nay Pyi Taw,Oke Ta Ra Thi Ri,MMR018008,91418.70664093515,0.007725992020180395,0.25869994559281967,706.3001980030774,23650.014434175868,23650.014434175868,NA,NA,NA
Rakhine,Kyaukpyu,MMR012011,171175.73756895756,0.01245413344150619,0.5481398998428183,2131.845477632042,93828.25164656894,93828.25164656894,166295.1209215521,18586.753899715408,159120.9389574099
Rakhine,Munaung,MMR012012,58972.35634496853,0.001275461890988321,0.49393126953927746,75.21699313979067,29128.29083719297,29128.29083719297,57290.917910984674,6403.388060931758,49397.92553843405
Rakhine,Ramree,MMR012013,101338.74477697774,0.0022098259052253794,0.6185159243972967,223.9409834111885,62679.62740299411,62679.62740299411,98449.34250648106,11003.652365844024,106296.78152198344
Rakhine,Ann,MMR012014,123930.35613315948,0.031794259736763864,0.5790682798387244,3940.273932167319,71764.13814582917,71764.13814582917,120396.81471045218,13456.714502095714,121702.97159801319
Rakhine,Maungdaw,MMR012009,42221.457598032895,0.14244378114280576,0.5410905300873877,6014.184065624451,22845.630872781785,22845.630872781785,41017.62607519415,4584.5272981269845,38743.32273870478
Rakhine,Buthidaung,MMR012010,57501.30838010879,0.05373748480019112,0.6608733138560239,3089.9756850671984,38001.08022021966,38001.08022021966,55861.81292991686,6243.657442061133,64445.06276013855
Rakhine,Mrauk-U,MMR012003,196308.81462093847,0.11070343257018297,0.7288049364819844,21732.059622321613,143070.8331706667,143070.8331706667,190711.59574939476,21315.77569066617,242630.1770738356
Rakhine,Kyauktaw,MMR012004,179196.62400930474,0.06266036383076962,0.7113359516980922,11228.52565766866,127469.00108074398,127469.00108074398,174087.3133165651,19457.684818089518,216171.42794403518
Rakhine,Minbya,MMR012005,175167.54682476277,0.014938265061985354,0.782796857183254,2616.6992447260373,137120.6051349248,137120.6051349248,170173.1144521626,19020.196029458642,232539.3371035421
Rakhine,Myebon,MMR012006,142024.9707551043,0.0203644715038608,0.7745733830172676,2892.263469778985,110008.76207070964,110008.76207070964,137975.5099701879,15421.479799238337,186561.0539155103
Rakhine,Sittwe,MMR012001,153108.0386733227,0.3719875196047415,0.4025658210262279,56954.279537636154,61636.063294241605,61636.063294241605,148742.57395844403,16624.91118954721,104527.02776516789
Rakhine,Ponnagyun,MMR012002,134322.93214950498,0.025768620895848856,0.7839836859274948,3461.316716179422,105306.98745115771,105306.98745115771,130493.07431983978,14585.170295791846,178587.43425298747
Rakhine,Pauktaw,MMR012007,151097.64096202247,0.07200484362601046,0.8504724749255481,10879.762009729502,128504.38466438313,128504.38466438313,146789.49734110854,16406.61642399706,217927.30855694835
Rakhine,Rathedaung,MMR012008,115917.75145475384,0.07313150963392989,0.8542345584203835,8477.240157256821,99020.94922703542,99020.94922703542,112612.66794517078,12586.682841252199,167927.10234877383
Rakhine,Thandwe,MMR012015,138185.3388749741,0.05783514214204808,0.3535431183422867,7991.96871578121,48854.475615043964,48854.475615043964,134245.35488589463,15004.56152661964,82851.05920357355
Rakhine,Toungup,MMR012016,163917.80844747147,0.041478370011635284,0.47875337716297034,6799.043510280578,78476.20437137983,78476.20437137983,159244.13216555878,17798.667081346684,133085.79352436628
Rakhine,Gwa,MMR012017,68340.06432105285,0.013382983435205406,0.3812401599276468,914.5939487695223,26053.977051223857,26053.977051223857,66391.5308410921,7420.560735217673,44184.275196575596
Sagaing,Hkamti,MMR005033,50052.78736458388,0.03728145702376792,0.47340575955521347,1866.0408410525279,23695.27782018642,23695.27782018642,6670.76346874673,2675.815619902327,8542.668898084574
Sagaing,Homalin,MMR005034,271180.7044831875,0.07147376272218993,0.5143250942484631,19382.30532706765,139475.04139168005,139475.04139168005,36141.490457241576,14497.285827195865,50283.82056532434
Sagaing,Kale,MMR005027,366088.59478020685,1,0.4127467174487193,366088.59478020685,151101.86579094475,366088.59478020685,48790.29826244186,19571.049521092238,131982.99156079508
Sagaing,Kalewa,MMR005028,59267.67586886143,0.013744282458090009,0.5696045977455814,814.5916777761566,33759.14067259831,33759.14067259831,7898.873726726165,3168.442382440055,12170.912839189434
Sagaing,Mingin,MMR005029,109607.18132800511,0.4700765308716154,0.5241489404940124,51523.76355728474,57450.487963608975,57450.487963608975,14607.849424835602,5859.58591505868,20712.164695043164
Sagaing,Kanbalu,MMR005007,310412.7719640728,0.22200985586117247,0.4899852756305896,68914.69476121079,152097.68763007154,152097.68763007154,41370.12718927049,16594.62714410911,54834.56220467191
Sagaing,Kyunhla,MMR005008,109317.31248515344,0.15097672091090775,0.42132700293041997,16504.3693778015,46058.33563777788,46058.33563777788,14569.217280864514,5844.089563741104,16605.04317932871
Sagaing,Katha,MMR005020,176162.5379959527,0.2716592427471568,0.4494639756060438,47856.181672397746,79178.71468051165,79178.71468051165,23477.985640747916,9417.626782254752,28545.668399603415
Sagaing,Indaw,MMR005021,126309.298023187,0.1229732742950734,0.5162305594606711,15532.667951823549,65204.719583594466,65204.719583594466,16833.816763865343,6752.478940433366,23507.7357700597
Sagaing,Tigyaing,MMR005022,136485.16475648366,0.24232127350262872,0.4208087218904209,33073.25893800722,57434.14773817941,57434.14773817941,18190.000977401094,7296.4794763608825,20706.273684326843
Sagaing,Banmauk,MMR005023,118329.50284932094,0.04696929551135091,0.47517060211538825,5557.853387040995,56226.70111692638,56226.70111692638,15770.313032371412,6325.880109596615,20270.962616199668
Sagaing,Kawlin,MMR005024,152598.09152108652,0.27050987586509295,0.38580702424561164,41279.290794619206,58873.41559530989,58873.41559530989,20337.444284663507,8157.874483296578,21225.161407544292
Sagaing,Wuntho,MMR005025,77083.05696050264,0.07627956938967852,0.39688518290074093,5879.862392187203,30593.123160317322,30593.123160317322,10273.21089405066,4120.850380266301,11029.493880602135
Sagaing,Pinlebu,MMR005026,117594.32824788554,0.18411854279722628,0.5470733740739884,21651.296358219388,64332.72592653486,64332.72592653486,15672.33295708242,6286.577769298414,23193.362874750404
Sagaing,Mawlaik,MMR005031,53892.49928293797,0.04189731645182671,0.5007107002815447,2257.9510968370964,26984.55105588252,26984.55105588252,7182.4994048275175,2881.0861286597856,9728.524256317382
Sagaing,Paungbyin,MMR005032,118356.80933451712,0.046206734188783745,0.5563293314059697,5468.881628352591,65845.36460441575,65845.36460441575,15773.952292310718,6327.339910807691,23738.70239284478
Sagaing,Monywa,MMR005012,390792.56188729784,0.5490872523556727,0.24530685560501553,214579.21404773055,95864.09455040147,214579.21404773055,52082.7087352242,20891.72044751262,77360.52693416187
Sagaing,Budalin,MMR005013,129746.76440961284,0.32465202511931446,0.4447299823071968,42122.5498182594,57702.276240303145,57702.276240303145,17291.943601609433,6936.245454427664,20802.93990757877
Sagaing,Ayadaw,MMR005014,163596.30355856032,0.27253056729920305,0.43213925674291787,44584.99341686707,70696.38502568503,70696.38502568503,21803.226210986813,8745.837494157659,25487.60196647401
Sagaing,Chaung-U,MMR005015,111279.17842155536,0.2325915859697357,0.34933075575029365,25882.60059447875,38873.2394972737,38873.2394972737,14830.684110349992,5948.970666136873,14014.657964391836
Sagaing,Lay Shi,MMR005035,11018.166776655537,0.0010689776538968423,0.6812020783524962,11.77817407115337,7505.598107892176,7505.598107892176,1468.441385509714,589.0297886691702,2705.93322451741
Sagaing,Lahe,MMR005036,57088.40830032074,0,0.9682939565584192,0,55278.36074674007,55278.36074674007,7608.4327892623705,3051.939016556104,19929.065051348716
Sagaing,Nanyun,MMR005037,54591.96540373222,0.0019362666877852566,0.9087439601366246,105.7046040319719,49610.11883262922,49610.11883262922,7275.720447888184,2918.479498143501,17885.53915247773
Sagaing,Sagaing,MMR005001,322630.3235904986,0.20187654638283778,0.26950550457592193,65131.495484827254,86950.64815075029,86950.64815075029,42998.416069037376,17247.77589366477,31347.62138103792
Sagaing,Myinmu,MMR005002,112361.98558452666,0.3731079592855238,0.36984674614371765,41923.15114271219,41556.714758684495,41923.15114271219,14974.99476409706,6006.857398776079,15114.218203909142
Sagaing,Myaung,MMR005003,111758.09216191898,0.4272187151671135,0.3948768008792313,47745.14854294289,44130.67790526486,47745.14854294289,14894.511130823961,5974.573333531129,17213.176337808276
Sagaing,Shwebo,MMR005004,280213.89983596734,0.5477562736356206,0.28686948308615295,153488.9215950545,80384.816599499,153488.9215950545,37345.385639471,14980.19929705989,55336.13265313037
Sagaing,Khin-U,MMR005005,153816.38086060813,0.4866240096717607,0.47177556770365375,74850.7440075878,72566.81040263482,74850.7440075878,20499.811266570985,8223.004075790743,26985.339766194807
Sagaing,Wetlet,MMR005006,206075.74227892887,0.2580993865413858,0.4474928401697742,53188.02266325227,92217.4192024923,92217.4192024923,27464.654932720816,11016.782862788095,33246.40820255047
Sagaing,Ye-U,MMR005009,124234.00514827788,0.35075918551361596,0.40297649354460086,43576.21845890432,50063.38377365491,50063.38377365491,16557.23300847813,6641.534048391587,18048.951134547573
Sagaing,Tabayin,MMR005010,147890.87357303873,0.5891421481458566,0.47701193973101447,87128.74694798734,70545.71247158943,87128.74694798734,19710.09185974172,7906.227212987247,31411.829915223032
Sagaing,Taze,MMR005011,173406.68349000052,0.5555325165048969,0.4808552958462149,96333.05125796814,83383.52209129515,96333.05125796814,23110.700329950327,9270.299152336927,34730.1840933873
Sagaing,Tamu,MMR005030,120641.10184612,0.1760849753351801,0.37929887314944255,21243.085442982992,45759.03398574045,45759.03398574045,16078.390383387225,6449.457896734241,16497.138349792283
Sagaing,Yinmarbin,MMR005016,148589.28944440238,0.6497872386733248,0.42670339702362386,96551.42408450964,63403.55456725299,96551.42408450964,19803.172931266265,7943.564436270538,34808.91230107658
Sagaing,Kani,MMR005017,141301.6086453162,0.48590763465973646,0.45249960413522006,68659.53043046137,63938.921975675374,68659.53043046137,18831.910442080112,7553.96595151452,24753.27107858232
Sagaing,Salingyi,MMR005018,127928.78264520613,0.15817881012502724,0.3001859311482615,20235.622619561942,38402.42073901476,38402.42073901476,17049.652872573373,6839.056381490257,13844.917445064097
Sagaing,Pale,MMR005019,151242.21950615355,0.6564297607221123,0.43867700737077475,99279.89396150556,66346.48424107325,99279.89396150556,20156.741031523386,8085.3897385466125,35792.58571205963
Shan,Kengtung,MMR016001,190678.0710663969,0.007349687751808486,0.32951704020465894,1401.4242834551653,62831.67360973272,62831.67360973272,33397.17930263415,7889.9566137951315,28798.76442800618
Shan,Mongkhet,MMR016002,49472.748796437016,0,0.5476741356808659,0,27094.94493684524,27094.94493684524,8665.129938163927,2047.1039977803844,12418.910584376588
Shan,Mongyang,MMR016003,119598.77030615482,0,0.570537827341637,0,68235.62256320506,68235.62256320506,20947.67140212127,4948.807712923766,31275.652977222122
Shan,Mongla,MMR016005,47850.61860323728,0,0.3224844338651853,0,15431.07965036388,15431.07965036388,8381.01455661256,1979.9828192689006,7072.802651747155
Shan,Mongping,MMR016007,76476.77232090256,0.0032069329616905146,0.6089746958968707,245.25588195960322,46572.419167295855,46572.419167295855,13394.872642688593,3164.4877263568364,21346.369615619387
Shan,Monghsat,MMR016006,116270.07026586276,6.377309454941605e-4,0.4752955971189922,74.14902184332114,55262.65247408042,55262.65247408042,20364.651071211752,4811.071376745406,25329.519632933825
Shan,Mongton,MMR016008,77872.24870628536,0.002573997633279418,0.4876689702125673,200.4429838681247,37975.87933473111,37975.87933473111,13639.289710653333,3222.2303292406887,17406.163803631356
Shan,Tachileik,MMR016009,197003.26777179833,0.04091413647693439,0.2178339061468167,8060.218584017408,42913.991342418114,42913.991342418114,34505.03469110808,8151.683236579979,19669.536976082676
Shan,Monghpyak,MMR016010,33949.185057131006,0.001275461890988321,0.605247354329509,43.30089177048076,20547.654437471443,20547.654437471443,5946.184656632613,1404.7635141074702,9417.973860896065
Shan,Mongyawng,MMR016011,88761.63091419675,0.004801600222187578,0.680542503406732,426.1978667193389,60406.062508811825,60406.062508811825,15546.560158999197,3672.8157200564797,27686.99072095412
Shan,Pangwaun,MMR015007,107879.43518432548,0,0.8943690281154629,0,96484.02559945027,96484.02559945027,18895.03507020084,4463.8801848832645,44223.248636717406
Shan,Mongmao,MMR015008,78532.21126434059,0,0.8074688343568127,0,63412.31308908005,63412.31308908005,13754.88185903793,3249.538534744676,29064.899302706282
Shan,Hopang,MMR015021,67885.03753733159,6.377309454941605e-4,0.6502124902249335,43.29238917358905,44139.69930616146,44139.69930616146,11890.034118348362,2808.9753472956672,20231.33762339041
Shan,Laukkaing,MMR015022,105382.9101541064,0.010403306816527352,0.4585900622393221,1096.3307475517047,48327.55532653254,48327.55532653254,18457.769822018694,4360.577932749493,22150.832554214474
Shan,Konkyan,MMR015023,66731.76963285124,0.002103250466709945,0.8406715246586435,140.35362562467492,56099.49852041842,56099.49852041842,11688.039758039926,2761.2549477785988,25713.086244587204
Shan,Kyaukme,MMR015012,191221.37357631105,0.29831326985760176,0.3051652482631702,57043.87321821135,58354.11794063938,58354.11794063938,33492.33849549622,7912.437611255484,26746.486277205364
Shan,Nawnghkio,MMR015013,166481.66603385995,0.10040842037902054,0.2737229560904694,16716.161108527514,45569.85376165444,45569.85376165444,29159.18972768504,6888.747692135475,20886.845886869578
Shan,Hsipaw,MMR015014,195720.0072422465,0.19293621594677335,0.37934384768935,37761.477582394116,74245.18061706123,74245.18061706123,34280.272180360254,8098.583948100004,34030.12117401742
Shan,Namtu,MMR015015,56022.37721350035,0.11998008478284326,0.3005107606685332,6721.569567812199,16835.327190888493,16835.327190888493,9812.29444107168,2318.1172493729864,7716.436535659983
Shan,Lashio,MMR015001,359318.5035149055,0.258119985571027,0.3972943609659175,92747.28694267043,142755.21523718417,142755.21523718417,62934.476007274185,14868.030641442805,65431.550335914624
Shan,Hseni,MMR015002,62954.20616923541,0.05817900258986751,0.532481128654099,3662.6129237630003,33521.92675451731,33521.92675451731,11026.401198262767,2604.9453539847323,15364.704078592002
Shan,Mongyai,MMR015003,65969.59065166286,0.015884590335810123,0.7976930708013716,1047.8999221227537,52623.485346434405,52623.485346434405,11554.544448626062,2729.717188560189,24119.862973661864
Shan,Tangyan,MMR015004,191994.6630382747,0.01688967052353595,0.8190322659678828,3242.7266009937653,157249.82392197824,157249.82392197824,33627.779800674114,7944.435104573286,72075.12350543239
Shan,Kunlong,MMR015020,65300.73970898736,0.00790882975422517,0.7606617232557499,516.4524331833522,49671.773196913506,49671.773196913506,11437.395503630227,2702.041195776687,22766.95196604916
Shan,Pangsang (Panghkam),MMR015005,117739.98687244032,9.34364014237062e-4,0.7119912704674671,110.01200677035231,83829.84283813169,83829.84283813169,20622.106310795625,4871.894198095196,38423.230788462926
Shan,Narphan,MMR015006,129081.56564790812,0,0.9159432476894733,0,118231.38845638692,118231.38845638692,22608.578786738348,5341.190766756313,54191.10630890707
Shan,Matman,MMR015024,21923.200665902245,0,1,0,21923.200665902245,21923.200665902245,3839.8388416243847,907.1473249237007,10048.452559242798
Shan,Mongmit,MMR015017,70362.67475023259,0.03058134318713441,0.3000214078484729,2151.7851041015797,21110.308738548978,21110.308738548978,12323.991173731622,2911.496051460469,9675.865267255587
Shan,Mabein,MMR015018,52661.4567789598,0.00578356024299271,0.27141627502441074,304.57070776487086,14293.176436304273,14293.176436304273,9223.630722446413,2179.0476843063843,6551.247125355804
Shan,Muse,MMR015009,190888.0591530508,0.5321702267159688,0.23598815477987595,101584.94171685031,45047.32084904027,101584.94171685031,33433.9586225747,7898.645588273672,46561.242727794255
Shan,Namhkan,MMR015010,118919.91993078151,0.10929368535965489,0.3363538859356018,12997.196311910187,39999.17718386898,39999.17718386898,20828.771060937786,4920.71795945081,18333.53808442701
Shan,Kutkai,MMR015011,194046.7688374802,0.3004294678037457,0.36314994882738916,58297.367490880635,70468.07417345114,70468.07417345114,33987.20521829425,8029.347992731309,32298.892441122713
Shan,Namhsan,MMR015016,80222.11539026989,0.06142401948642628,0.35046724570877624,4927.564778974275,28115.223825759516,28115.223825759516,14050.867814750003,3319.464091262461,12886.553250640993
Shan,Manton,MMR015019,42887.56684089259,0.019603981371714395,0.4828842284262496,840.7670614270144,20709.729623043626,20709.729623043626,7511.738248811215,1774.6195970697231,9492.26067868657
Shan,Pindaya,MMR014006,88109.44569268427,0.04101988043537653,0.3715095424794108,3614.23892754121,32733.499857403625,32733.499857403625,15432.330207649435,3645.829328422068,15003.33028136175
Shan,Ywangan,MMR014007,91697.01993504175,0.09153146454135865,0.39408294970432933,8393.162528732531,36136.23209509794,36136.23209509794,16060.692239861328,3794.2774691163017,16562.965390456815
Shan,Langkho,MMR014018,44787.45905347584,0,0.44473959181536954,0,19918.75625789042,19918.75625789042,7844.503524463844,1853.2341280660498,9129.719713227616
Shan,Mongnai,MMR014019,43815.29198563354,0.003333745999152969,0.4732932473892902,146.06905435882499,20737.48182919044,20737.48182919044,7674.22889510943,1813.0073943690993,9504.98084355348
Shan,Mawkmai,MMR014020,37564.53550142687,0.0021325544966154988,0.6996380108725138,80.10841909684042,26281.576897568222,26281.576897568222,6579.411678254637,1554.360990050189,12046.105067498238
Shan,Mongpan,MMR014021,28805.03245814827,0.005999456044448966,0.4899640082154671,172.8145260915863,14113.429159970956,14113.429159970956,5045.1886178772465,1191.906626088175,6468.860342220729
Shan,Loilen,MMR014011,138388.81539341103,0.032114585778546575,0.5497691447525354,4444.299482743145,76081.90068215209,76081.90068215209,24238.739438283428,5726.310021818437,34871.97792294461
Shan,Laihka,MMR014012,54253.588674066115,0.011641316735316464,0.519826884859887,631.5832097823817,28202.47399290944,28202.47399290944,9502.491915434846,2244.927580749505,12926.544179828425
Shan,Nansang,MMR014013,129949.29419646224,0.012211063902684331,0.5447215387862435,1586.8191355417266,70786.17949888318,70786.17949888318,22760.56105591069,5377.095999918963,32444.695342813888
Shan,Kunhing,MMR014014,59333.30048455188,0.003664069060738904,0.6361244668372625,217.40131057697118,37743.36413643065,37743.36413643065,10392.20117875872,2455.118010992317,17299.59095530365
Shan,Kyethi,MMR014015,82621.9792377435,0.03619435735269457,0.7470443411642301,2990.4494417177993,61722.282045344786,61722.282045344786,14471.202899784908,3418.766656731507,28290.277155811724
Shan,Mongkaing,MMR014016,82544.20587231612,0.11337516384663109,0.7009991528777527,9358.462865363888,57863.41839146042,57863.41839146042,14457.580929436555,3415.5485180357505,26521.57517887128
Shan,Monghsu,MMR014017,80830.96973675858,0.013743798775660695,0.647681174886262,1110.9245829035292,52352.69744629968,52352.69744629968,14157.508382619973,3344.657519909238,23995.74791356698
Shan,Hopong,MMR014003,124824.02941479757,0.008573825301767507,0.44742583777320777,1070.2194216651628,55849.49593514333,55849.49593514333,21862.87320995421,5165.020659868637,25598.49808950399
Shan,Hsihseng,MMR014004,170025.90940119364,0.07676348008535748,0.45841945831340686,13051.780510313323,77943.18528693958,77943.18528693958,29779.96237641714,7035.402869842074,35725.09377657749
Shan,Pinlaung,MMR014009,213606.77024246744,0.06813684194743548,0.4050970118560059,14554.490742913169,86531.46433743596,86531.46433743596,37413.13076090509,8838.709874713963,39661.513276613114
Shan,Taunggyi,MMR014001,486701.276652264,0.2792663606678017,0.22128842607389812,135919.2942630507,107701.35947853635,135919.2942630507,85245.51204168922,20138.928064401818,62298.320446077
Shan,Nyaungshwe,MMR014002,210440.28322149537,0.058095972413418615,0.3076249794054927,12225.732888707995,64736.687792098564,64736.687792098564,36858.521968150715,8707.685656386753,29671.92364083776
Shan,Kalaw,MMR014005,206747.15941177213,0.08392233558933741,0.31870426132091584,17350.70449429698,65891.20072052647,65891.20072052647,36211.672976180336,8554.870041748278,30201.092194605717
Shan,Lawksawk,MMR014008,183022.9498121872,0.016813723637002214,0.39234249433332324,3077.297297371042,71807.68064955616,71807.68064955616,32056.388221203382,7573.199819312856,32912.89823016482
Shan,Pekon,MMR014010,115093.4703517542,0.5811767426398834,0.40047567027395453,66889.6481981525,46092.13468327427,66889.6481981525,20158.57011979881,4762.385535619611,30658.72847977758
Tanintharyi,Dawei,MMR006001,156104.6855057658,0.4013538377897686,0.2867541362960834,62653.21462470397,44763.6642639776,62653.21462470397,18712.12270937041,0,17779.832570677503
Tanintharyi,Launglon,MMR006002,125675.93475263123,0.16076233940497223,0.38869230188788023,20203.957277739646,48849.268370911275,48849.268370911275,15064.65680441863,0,13862.525938013645
Tanintharyi,Thayetchaung,MMR006003,112233.8346799912,0.1830325296977116,0.3674203093004331,20542.442679153544,41236.990252096046,41236.990252096046,13453.36483572505,0,11702.30109967629
Tanintharyi,Yebyu,MMR006004,130260.37599431547,0.14405704600256272,0.4153867298442196,18764.92497692422,54108.431612557186,54108.431612557186,15614.189490067103,0,15354.979955871115
Tanintharyi,Kawthoung,MMR006009,148728.7911632599,0.05209681510887071,0.3765490570031411,7748.296334598195,56003.68606174263,56003.68606174263,17827.981150254793,0,15892.81838901772
Tanintharyi,Bokpyin,MMR006010,86800.59531694955,0.007861564953762612,0.5322066510864182,682.3885181094616,46195.85414594115,46195.85414594115,10404.70621080218,0,13109.535673376513
Tanintharyi,Myeik,MMR006005,302183.2957380707,0.14550287201773757,0.32662037531482363,43968.53740567464,98699.22146783899,98699.22146783899,36222.42914908467,0,28009.027837854333
Tanintharyi,Kyunsu,MMR006006,182435.48113600473,0.006341156309895365,0.5808941658410341,1156.8519023543734,105975.7066343072,105975.7066343072,21868.370564917233,0,30073.960798402073
Tanintharyi,Palaw,MMR006007,138077.08199467565,0.1712205308811932,0.42389145922328453,23641.63128165441,58529.695772016166,58529.695772016166,16551.17073049508,0,16609.65359036524
Tanintharyi,Tanintharyi,MMR006008,113498.91102819463,0.11079814124279547,0.5256112398737205,12575.468375005385,59656.30334984647,59656.30334984647,13605.008354864842,0,16929.364146745556
Yangon,Thingangyun,MMR013009,243788.8109873174,0.16397116386920577,0.04529656539193352,39974.335075880255,11042.795818708744,39974.335075880255,1129.94949775857,0,747.4339097321438
Yangon,Yankin,MMR013010,82563.23088085231,0.06252352128882313,0.016140323770225545,5162.143923652989,1332.5972779328401,5162.143923652989,382.6766326531584,0,96.52096546776693
Yangon,South Okkalapa,MMR013011,187509.9813789108,0.15339406125021693,0.02629891510034652,28762.91756866368,4931.309080751532,28762.91756866368,869.0998098958755,0,537.8045661757953
Yangon,North Okkalapa,MMR013012,387868.8990213952,0.16094107127415888,0.06803791895761904,62424.0361224319,26389.79271779861,62424.0361224319,1797.7538258234304,0,1167.1949337414317
Yangon,Thaketa,MMR013013,256671.4959286959,0.27716566701710305,0.0665854472519607,71140.52637335465,17090.586353242023,71140.52637335465,1189.660127300341,0,1330.1745148907457
Yangon,Dawbon,MMR013014,87659.28122938855,0.06603166249263678,0.10103655068019005,5788.288072486115,8856.791410522148,8856.791410522148,406.2965826769536,0,165.6029104444801
Yangon,Tamwe,MMR013015,192382.59220542855,0.327579378514471,0.02958653625568686,63020.5699916572,5691.934539248932,63020.5699916572,891.684128404583,0,1178.3488313939217
Yangon,Pazundaung,MMR013016,56389.38562190537,0.037370127814505646,0.030223200074710205,2107.278548072051,1704.267683740833,2107.278548072051,261.36210970609744,0,39.40156705772259
Yangon,Botahtaung,MMR013017,47707.829193478705,0.032588478113026016,0.013963824677600458,1554.7255474916644,666.1837626066455,1554.7255474916644,221.12351021363045,0,29.070016857473732
Yangon,Dagon Myothit (South),MMR013018,432502.10729209863,0.21117939221283274,0.1310529341693496,91335.53214871476,56680.67019505638,91335.53214871476,2004.6266148763239,0,1707.7775968454055
Yangon,Dagon Myothit (North),MMR013019,237343.97727409672,0.16838005602050055,0.05111613569207554,39963.99218954081,12132.106948039622,39963.99218954081,1100.0780012452617,0,747.2405200494903
Yangon,Dagon Myothit (East),MMR013020,192749.1726712401,0.024198156968309122,0.1601926837436917,4664.174735810388,30877.00725958219,30877.00725958219,893.3832113590237,0,577.3334869247753
Yangon,Dagon Myothit (Seikkan),MMR013021,194867.1931403737,0.08238833420872942,0.18748499511164152,16054.783434766134,36534.67475334227,36534.67475334227,903.2001350957919,0,683.1196751577621
Yangon,Mingalartaungnyunt,MMR013022,154189.56265790385,0.14696406734362039,0.050060878957460184,22660.325270139558,7718.865032721047,22660.325270139558,714.6612602084342,0,423.69924303461454
Yangon,Insein,MMR013001,355272.33125192724,0.32545757987727575,0.08406435409430531,115626.07312661008,29865.73905427134,115626.07312661008,1646.6702907317415,0,2161.9583600314295
Yangon,Mingaladon,MMR013002,385882.3820209496,0.07795553784182908,0.09913072053572342,30081.668634129284,38252.79857177802,38252.79857177802,1788.5464143846045,0,715.2448875116307
Yangon,Hmawbi,MMR013003,284660.787304043,0.023526607579587536,0.25584782841896686,6697.102636198653,72829.84426777282,72829.84426777282,1319.3891563074887,0,1361.7611185505352
Yangon,Hlegu,MMR013004,315074.1647437887,0.03563421827647015,0.27243005603823095,11227.421559756682,85835.67235734918,85835.67235734918,1460.3537084705092,0,1604.942072526219
Yangon,Taikkyi,MMR013005,322669.94474490674,0.03606158304978545,0.37436132060618404,11635.989010088137,120795.14663462772,120795.14663462772,1495.559786069347,0,2258.6088937915683
Yangon,Htantabin,MMR013006,169665.07705270514,0.005334921698226591,0.43193038879814055,905.1499009997632,73283.5026968414,73283.5026968414,786.389530456534,0,1370.2435534097526
Yangon,Shwepyithar,MMR013007,399777.52729647426,0.12243895503869662,0.1454907552628523,48948.34269013432,58163.93438347959,58163.93438347959,1852.9497492291157,0,1087.5402129672748
Yangon,Hlaingtharya,MMR013008,800503.5088140167,0.24135659081584693,0.14128450619169708,193206.79782347434,113098.74294750918,193206.79782347434,3710.2955384832135,0,3612.5507030925214
Yangon,Thanlyin,MMR013023,311957.6489106349,0.08545077637858077,0.28042467099711343,26657.023296650474,87480.62106079781,87480.62106079781,1445.9088064006928,0,1635.6990679432433
Yangon,Kyauktan,MMR013024,194867.1931403737,0.013664118065803824,0.4221174754196397,2662.6883342218634,82256.84761052587,82256.84761052587,903.2001350957919,0,1538.0257631570535
Yangon,Thongwa,MMR013025,183727.80196974368,0.010459341562945713,0.5207006923741412,1921.6718354107993,95667.19369402464,95667.19369402464,851.569588937361,0,1788.7703317664889
Yangon,Kayan,MMR013026,183894.21786374704,0.03307928586392351,0.46024314471456623,6083.089401437517,84636.0531244365,84636.0531244365,852.3409186595355,0,1582.5117783951525
Yangon,Twantay,MMR013027,263979.8302947172,0.06311072382437234,0.4784769067968414,16659.95816493458,126308.25265617142,126308.25265617142,1223.5339081063316,0,2361.692094065651
Yangon,Kawhmu,MMR013028,138544.1411265676,0.04852560690980069,0.5858109663445413,6722.938531963771,81160.67719472908,81160.67719472908,642.1454784957361,0,1517.5297389441064
Yangon,Kungyangon,MMR013029,129911.46209358246,0.042567594898422226,0.4109361045573236,5530.018491061353,53385.31017008318,53385.31017008318,602.1334233971945,0,998.1902394860482
Yangon,Dala,MMR013030,201161.9034247383,0.03170119610725815,0.35014116095341424,6377.0729497769535,70435.06240473647,70435.06240473647,932.3758166849009,0,1316.9838591552966
Yangon,Seikgyikanaungto,MMR013031,39570.90659997209,0.012197670375868507,0.263254172742782,482.6728751807392,10417.206281657545,10417.206281657545,183.4092625391895,0,194.7793053919632
Yangon,Cocokyun,MMR013032,2257.670170395138,0,0.17062920939000856,0,385.2244762379283,385.2244762379283,10.464193433697842,0,7.2028674361306235
Yangon,Kyauktada,MMR013033,34741.35443134332,0.21346112239607545,0.04538573300354889,7415.928510474416,1576.761836402608,7415.928510474416,161.0245188537019,0,138.66187968746115
Yangon,Pabedan,MMR013034,38794.68701045995,0.007519507783088925,0.10287195429499112,291.7169509176524,3990.8852690285216,3990.8852690285216,179.81152180708827,0,74.6209530254887
Yangon,Lanmadaw,MMR013035,54882.332595791086,0.041014501275453606,0.027129363397920974,2250.9715002499424,1488.9227451167799,2250.9715002499424,254.37699089339705,0,42.08831556381793
Yangon,Latha,MMR013036,29160.02137092318,0.009074674585419206,0.050524853999455645,264.6177048449975,1473.3058223869,1473.3058223869,135.15530663307567,0,27.547643480934703
Yangon,Ahlone,MMR013037,64567.03937827991,0.05080053397417245,0.03745572026793768,3280.040077548039,2418.4049654817686,3280.040077548039,299.2651443754761,0,61.32968002059679
Yangon,Kyeemyindaing,MMR013038,129774.13988734195,0.08933463116830698,0.17491502995158653,11593.324922019969,22699.4475653358,22699.4475653358,601.4969415285469,0,424.4307456349884
Yangon,Sanchaung,MMR013039,115931.36324979032,0.24993530479582818,0.013623077438049008,28975.340609232215,1579.3419390504823,28975.340609232215,537.3363328203842,0,541.7764192016916
Yangon,Hlaing,MMR013040,186556.8721678007,0.24315220207520005,0.04963562350753888,45361.71427986234,9259.866669665014,45361.71427986234,864.6821942143299,0,848.1662894952686
Yangon,Kamaryut,MMR013041,98416.9632165703,0.13541115560878542,0,13326.75472066311,0,13326.75472066311,456.1579249971096,0,249.18159028783262
Yangon,Mayangone,MMR013042,230553.5105502536,0.132538493412892,0.07869701113539329,30557.214939383914,18143.872187077322,30557.214939383914,1068.604512232052,0,571.3540597814748
Yangon,Dagon,MMR013043,29189.115058686,0.01555461128748491,0.001715700994959924,454.025338563533,50.07979374818727,454.025338563533,135.2901544866027,0,8.489295275977245
Yangon,Bahan,MMR013044,112571.6241869394,0.0767613563667316,0.036185990823772066,8641.150560995438,4073.5157598457067,8641.150560995438,521.7641026950822,0,161.57089132636946
Yangon,Seikkan,MMR013045,3288.7504647096184,0,0.14350766832946596,0,471.960910907925,471.960910907925,15.24320136269593,0,8.824651822501549
