state,State/Region Pcode,District, Township ,Township Pcode,,Population,"IDPs 
(projection)","Returned, resettled and locally integrated IDPs
(projection)","Non-displaced stateless people in Rakhine
",Rest of the population
Kachin,MMR001,Myitkyina,Myitkyina,MMR001001,MMR001001,387555.0313,14364,2729,,370462.0313
Kachin,MMR001,Myitkyina,Waingmaw,MMR001002,MMR001002,153377.0225,31793,6041,,115543.0225
Kachin,MMR001,Myitkyina,Injangyang,MMR001003,MMR001003,2104.985958,597,113,,1394.985958
Kachin,MMR001,Myitkyina,Tanai,MMR001004,MMR001004,73155.62113,1434,272,,71449.62113
Kachin,MMR001,Myitkyina,Chipwi,MMR001005,MMR001005,24096.95791,2617,497,,20982.95791
Kachin,MMR001,Myitkyina,Tsawlaw,MMR001006,MMR001006,7867.595786,79,15,,7773.595786
Kachin,MMR001,Mohnyin,Mohnyin,MMR001007,MMR001007,256126.3762,2068,393,,253665.3762
Kachin,MMR001,Mohnyin,Mogaung,MMR001008,MMR001008,162575.5166,5867,1115,,155593.5166
Kachin,MMR001,Mohnyin,Hpakant,MMR001009,MMR001009,402320.1722,10869,2065,,389386.1722
Kachin,MMR001,Bhamo,Bhamo,MMR001010,MMR001010,166451.6811,12247,2327,,151877.6811
Kachin,MMR001,Bhamo,Shwegu,MMR001011,MMR001011,115705.849,2246,427,,113032.849
Kachin,MMR001,Bhamo,Momauk,MMR001012,MMR001012,77294.47306,28425,5401,,43468.47306
Kachin,MMR001,Bhamo,Mansi,MMR001013,MMR001013,64861.74641,14880,2827,,47154.74641
Kachin,MMR001,Puta-O,Puta-O,MMR001014,MMR001014,74395.26694,4320,821,,69254.26694
Kachin,MMR001,Puta-O,Sumprabum,MMR001015,MMR001015,3106.96003,1149,218,,1739.96003
Kachin,MMR001,Puta-O,Machanbaw,MMR001016,MMR001016,10911.12055,0,0,,10911.12055
Kachin,MMR001,Puta-O,Nawngmun,MMR001017,MMR001017,8705.692807,87,17,,8601.692807
Kachin,MMR001,Puta-O,Khaunglanhpu,MMR001018,MMR001018,14052.93033,0,0,,14052.93033
Kayah,MMR002,Loikaw,Loikaw,MMR002001,MMR002001,154754.1349,32880,6247,,115627.1349
Kayah,MMR002,Loikaw,Demoso,MMR002002,MMR002002,94740.75451,75792,14400,,0
Kayah,MMR002,Loikaw,Hpruso,MMR002003,MMR002003,35201.21862,28161,5351,,1689.218615
Kayah,MMR002,Loikaw,Shadaw,MMR002004,MMR002004,8120.2868,364,69,,7687.2868
Kayah,MMR002,Bawlake,Bawlake,MMR002005,MMR002005,13169.95324,310,59,,12800.95324
Kayah,MMR002,Bawlake,Hpasawng,MMR002006,MMR002006,30565.01455,120,23,,30422.01455
Kayah,MMR002,Bawlake,Mese,MMR002007,MMR002007,7538.637339,836,159,,6543.637339
Kayin,MMR003,Hpa-An,Hpa-An,MMR003001,MMR003001,461756.3028,3914,744,,457098.3028
Kayin,MMR003,Hpa-An,Hlaingbwe,MMR003002,MMR003002,288669.2346,10951,2081,,275637.2346
Kayin,MMR003,Hpapun,Hpapun,MMR003003,MMR003003,123257,42749,8122,,72386
Kayin,MMR003,Hpa-An,Thandaunggyi,MMR003004,MMR003004,103949.2867,24328,4622,,74999.28675
Kayin,MMR003,Myawaddy,Myawaddy,MMR003005,MMR003005,226192.5262,47766,9076,,169350.5262
Kayin,MMR003,Kawkareik,Kawkareik,MMR003006,MMR003006,240336.6926,26976,5125,,208235.6926
Kayin,MMR003,Kawkareik,Kyainseikgyi,MMR003007,MMR003007,276205.6406,14744,2801,,258660.6406
Chin,MMR004,Falam,Falam,MMR004001,MMR004001,53870.41165,2269,431,,51170.41165
Chin,MMR004,Hakha,Hakha,MMR004002,MMR004002,54189.56114,12270,2331,,39588.56114
Chin,MMR004,Hakha,Thantlang,MMR004003,MMR004003,56507.12685,27439,5213,,23855.12685
Chin,MMR004,Falam,Tedim,MMR004004,MMR004004,98125.99012,20,4,,98101.99012
Chin,MMR004,Falam,Tonzang,MMR004005,MMR004005,35660.42705,357,68,,35235.42705
Chin,MMR004,Mindat,Mindat,MMR004006,MMR004006,47623.78854,13685,2600,,31338.78854
Chin,MMR004,Matupi,Matupi,MMR004007,MMR004007,57597.89583,12624,2399,,42574.89583
Chin,MMR004,Mindat,Kanpetlet,MMR004008,MMR004008,24026.116,8510,1617,,13899.116
Chin,MMR004,Matupi,Paletwa,MMR004009,MMR004009,108375.6828,2575,489,,105311.6828
Sagaing,MMR005,Sagaing,Sagaing,MMR005001,MMR005001,330767.403,3308,629,,326830.403
Sagaing,MMR005,Sagaing,Myinmu,MMR005002,MMR005002,115942.7575,52076,9894,,53972.75749
Sagaing,MMR005,Sagaing,Myaung,MMR005003,MMR005003,115460.3366,70789,13450,,31221.33661
Sagaing,MMR005,Shwebo,Shwebo,MMR005004,MMR005004,286642.3947,61940,11769,,212933.3947
Sagaing,MMR005,Shwebo,Khin-U,MMR005005,MMR005005,156828.5527,23981,4556,,128291.5527
Sagaing,MMR005,Shwebo,Wetlet,MMR005006,MMR005006,211850.2732,13607,2585,,195658.2732
Sagaing,MMR005,Kanbalu,Kanbalu,MMR005007,MMR005007,313642.0613,5843,1110,,306689.0613
Sagaing,MMR005,Kanbalu,Kyunhla,MMR005008,MMR005008,110468.4511,28628,5439,,76401.45106
Sagaing,MMR005,Shwebo,Ye-U,MMR005009,MMR005009,127102.0596,50961,9683,,66458.05964
Sagaing,MMR005,Shwebo,Tabayin,MMR005010,MMR005010,150943.8908,120828,22957,,7158.890813
Sagaing,MMR005,Shwebo,Taze,MMR005011,MMR005011,176858.5159,103052,19580,,54226.51588
Sagaing,MMR005,Monywa,Monywa,MMR005012,MMR005012,399023.4257,80,15,,398928.4257
Sagaing,MMR005,Monywa,Budalin,MMR005013,MMR005013,133413.3719,66269,12591,,54553.37193
Sagaing,MMR005,Monywa,Ayadaw,MMR005014,MMR005014,167727.3669,37954,7211,,122562.3669
Sagaing,MMR005,Monywa,Chaung-U,MMR005015,MMR005015,114110.0397,5609,1066,,107435.0397
Sagaing,MMR005,Yinmarbin,Yinmarbin,MMR005016,MMR005016,151485.8608,63173,12003,,76309.86078
Sagaing,MMR005,Yinmarbin,Kani,MMR005017,MMR005017,143747.6209,28712,5455,,109580.6209
Sagaing,MMR005,Yinmarbin,Salingyi,MMR005018,MMR005018,131185.3915,8590,1632,,120963.3915
Sagaing,MMR005,Yinmarbin,Pale,MMR005019,MMR005019,154347.5051,123478,23461,,7408.505124
Sagaing,MMR005,Katha,Katha,MMR005020,MMR005020,176968.7521,1414,269,,175285.7521
Sagaing,MMR005,Katha,Indaw,MMR005021,MMR005021,127650.2686,2381,452,,124817.2686
Sagaing,MMR005,Katha,Tigyaing,MMR005022,MMR005022,137740.0411,28,5,,137707.0411
Sagaing,MMR005,Katha,Banmauk,MMR005023,MMR005023,118833.9225,1188,226,,117419.9225
Sagaing,MMR005,Kawlin,Kawlin,MMR005024,MMR005024,155231.4345,42143,8007,,105081.4345
Sagaing,MMR005,Kawlin,Wuntho,MMR005025,MMR005025,78158.07567,18554,3525,,56079.07567
Sagaing,MMR005,Kawlin,Pinlebu,MMR005026,MMR005026,118760.8741,36493,6934,,75333.87415
Sagaing,MMR005,Kale,Kale,MMR005027,MMR005027,370046.6676,80418,15279,,274349.6676
Sagaing,MMR005,Kale,Kalewa,MMR005028,MMR005028,59991.55016,600,114,,59277.55016
Sagaing,MMR005,Kale,Mingin,MMR005029,MMR005029,111080.6828,65349,12416,,33315.6828
Sagaing,MMR005,Tamu,Tamu,MMR005030,MMR005030,121127.0837,24,5,,121098.0837
Sagaing,MMR005,Mawlaik,Mawlaik,MMR005031,MMR005031,54502.48066,11,2,,54489.48066
Sagaing,MMR005,Mawlaik,Paungbyin,MMR005032,MMR005032,119166.4401,1192,226,,117748.4401
Sagaing,MMR005,Hkamti,Hkamti,MMR005033,MMR005033,50079.50985,501,95,,49483.50985
Sagaing,MMR005,Hkamti,Homalin,MMR005034,MMR005034,270724.3605,0,0,,270724.3605
Sagaing,MMR005,Naga Self-Administered Zone,Lay Shi,MMR005035,MMR005035,17130.20821,0,0,,17130.20821
Sagaing,MMR005,Naga Self-Administered Zone,Lahe,MMR005036,MMR005036,50785.90406,0,0,,50785.90406
Sagaing,MMR005,Naga Self-Administered Zone,Nanyun,MMR005037,MMR005037,54470.4648,0,0,,54470.4648
Tanintharyi,MMR006,Dawei,Dawei,MMR006001,MMR006001,160970.753,6178,1174,,153618.753
Tanintharyi,MMR006,Dawei,Launglon,MMR006002,MMR006002,129467.8583,26,5,,129436.8583
Tanintharyi,MMR006,Dawei,Thayetchaung,MMR006003,MMR006003,115291.0587,31826,6047,,77418.05867
Tanintharyi,MMR006,Dawei,Yebyu,MMR006004,MMR006004,132830.9526,6619,1258,,124953.9526
Tanintharyi,MMR006,Myeik,Myeik,MMR006005,MMR006005,308243.6298,848,161,,307234.6298
Tanintharyi,MMR006,Myeik,Kyunsu,MMR006006,MMR006006,183848.5576,0,0,,183848.5576
Tanintharyi,MMR006,Myeik,Palaw,MMR006007,MMR006007,140533.9285,6384,1213,,132936.9285
Tanintharyi,MMR006,Myeik,Tanintharyi,MMR006008,MMR006008,114700.5616,13400,2546,,98754.56162
Tanintharyi,MMR006,Kawthoung,Kawthoung,MMR006009,MMR006009,151222.1748,0,0,,151222.1748
Tanintharyi,MMR006,Kawthoung,Bokpyin,MMR006010,MMR006010,87247.52526,614,117,,86516.52526
Bago (East),MMR111,Bago,Bago,MMR007001,MMR007001,500087.8011,5001,950,,494136.8011
Bago (East),MMR111,Bago,Thanatpin,MMR007002,MMR007002,146303.6844,0,0,,146303.6844
Bago (East),MMR111,Bago,Kawa,MMR007003,MMR007003,199548.6958,0,0,,199548.6958
Bago (East),MMR111,Bago,Waw,MMR007004,MMR007004,177665.3708,0,0,,177665.3708
Bago (East),MMR111,Bago,Nyaunglebin,MMR007005,MMR007005,202766.4611,4501,855,,197410.4611
Bago (East),MMR111,Bago,Kyauktaga,MMR007006,MMR007006,252902.0255,1127,214,,251561.0255
Bago (East),MMR111,Bago,Daik-U,MMR007007,MMR007007,205038.5659,0,0,,205038.5659
Bago (East),MMR111,Bago,Shwegyin,MMR007008,MMR007008,107901.9179,191,36,,107674.9179
Bago (East),MMR111,Taungoo,Taungoo,MMR007009,MMR007009,267279.7629,4585,871,,261823.7629
Bago (East),MMR111,Taungoo,Yedashe,MMR007010,MMR007010,216257.8718,0,0,,216257.8718
Bago (East),MMR111,Taungoo,Kyaukkyi,MMR007011,MMR007011,113765.4305,72872,13846,,27047.4305
Bago (East),MMR111,Taungoo,Phyu,MMR007012,MMR007012,260566.6057,6001,1140,,253425.6057
Bago (East),MMR111,Taungoo,Oktwin,MMR007013,MMR007013,161706.9219,490,93,,161123.9219
Bago (East),MMR111,Taungoo,Htantabin,MMR007014,MMR007014,118503.832,2046,389,,116068.832
Bago (West),MMR111,Pyay,Pyay,MMR008001,MMR008001,259960.5467,0,0,,259960.5467
Bago (West),MMR111,Pyay,Paukkhaung,MMR008002,MMR008002,127549.4811,0,0,,127549.4811
Bago (West),MMR111,Pyay,Padaung,MMR008003,MMR008003,149187.8096,0,0,,149187.8096
Bago (West),MMR111,Pyay,Paungde,MMR008004,MMR008004,142452.0253,0,0,,142452.0253
Bago (West),MMR111,Pyay,Thegon,MMR008005,MMR008005,136274.9731,0,0,,136274.9731
Bago (West),MMR111,Pyay,Shwedaung,MMR008006,MMR008006,126700.8498,0,0,,126700.8498
Bago (West),MMR111,Thayarwady,Thayarwady,MMR008007,MMR008007,154502.9572,0,0,,154502.9572
Bago (West),MMR111,Thayarwady,Letpadan,MMR008008,MMR008008,181224.3863,0,0,,181224.3863
Bago (West),MMR111,Thayarwady,Minhla,MMR008009,MMR008009,125868.8135,0,0,,125868.8135
Bago (West),MMR111,Thayarwady,Okpho,MMR008010,MMR008010,130228.6517,0,0,,130228.6517
Bago (West),MMR111,Thayarwady,Zigon,MMR008011,MMR008011,70193.80134,0,0,,70193.80134
Bago (West),MMR111,Thayarwady,Nattalin,MMR008012,MMR008012,178137.11,0,0,,178137.11
Bago (West),MMR111,Thayarwady,Monyo,MMR008013,MMR008013,131403.2926,0,0,,131403.2926
Bago (West),MMR111,Thayarwady,Gyobingauk,MMR008014,MMR008014,121787.3544,0,0,,121787.3544
Magway,MMR009,Magway,Magway,MMR009001,MMR009001,289340.0722,2893,550,,285897.0722
Magway,MMR009,Magway,Yenangyaung,MMR009002,MMR009002,135718.7332,0,0,,135718.7332
Magway,MMR009,Magway,Chauk,MMR009003,MMR009003,186951.0271,0,0,,186951.0271
Magway,MMR009,Magway,Taungdwingyi,MMR009004,MMR009004,259436.6733,0,0,,259436.6733
Magway,MMR009,Magway,Myothit,MMR009005,MMR009005,158802.5751,0,0,,158802.5751
Magway,MMR009,Magway,Natmauk,MMR009006,MMR009006,207768.8621,3008,572,,204188.8621
Magway,MMR009,Minbu,Minbu,MMR009007,MMR009007,187750.2269,651,124,,186975.2269
Magway,MMR009,Minbu,Pwintbyu,MMR009008,MMR009008,163356.762,0,0,,163356.762
Magway,MMR009,Minbu,Ngape,MMR009009,MMR009009,51621.27462,516,98,,51007.27462
Magway,MMR009,Minbu,Salin,MMR009010,MMR009010,236364.9032,0,0,,236364.9032
Magway,MMR009,Minbu,Sidoktaya,MMR009011,MMR009011,47342.92736,473,90,,46779.92736
Magway,MMR009,Thayet,Thayet,MMR009012,MMR009012,104667.4419,0,0,,104667.4419
Magway,MMR009,Thayet,Minhla,MMR009013,MMR009013,144398.9653,0,0,,144398.9653
Magway,MMR009,Thayet,Mindon,MMR009014,MMR009014,60559.7256,0,0,,60559.7256
Magway,MMR009,Thayet,Kamma,MMR009015,MMR009015,75925.95121,759,144,,75022.95121
Magway,MMR009,Thayet,Aunglan,MMR009016,MMR009016,234670.6744,0,0,,234670.6744
Magway,MMR009,Thayet,Sinbaungwe,MMR009017,MMR009017,117212.3488,0,0,,117212.3488
Magway,MMR009,Pakokku,Pakokku,MMR009018,MMR009018,291599.0534,24114,4582,,262903.0534
Magway,MMR009,Pakokku,Yesagyo,MMR009019,MMR009019,216678.4559,16757,3184,,196737.4559
Magway,MMR009,Pakokku,Myaing,MMR009020,MMR009020,226800.541,15521,2949,,208330.541
Magway,MMR009,Pakokku,Pauk,MMR009021,MMR009021,170553.0521,17743,3371,,149439.0521
Magway,MMR009,Pakokku,Seikphyu,MMR009022,MMR009022,102300.0198,11412,2168,,88720.01979
Magway,MMR009,Gangaw,Gangaw,MMR009023,MMR009023,132980.7017,79955,15191,,37834.70167
Magway,MMR009,Gangaw,Tilin,MMR009024,MMR009024,49721.99928,18083,3436,,28202.99928
Magway,MMR009,Gangaw,Saw,MMR009025,MMR009025,69541.03261,31001,5890,,32650.03261
Mandalay,MMR010,Mandalay,Aungmyaythazan,MMR010001,MMR010001,287592.1048,2876,546,,284170.1048
Mandalay,MMR010,Mandalay,Chanayethazan,MMR010002,MMR010002,213578.5364,0,0,,213578.5364
Mandalay,MMR010,Mandalay,Mahaaungmyay,MMR010003,MMR010003,259905.3188,52,10,,259843.3188
Mandalay,MMR010,Mandalay,Chanmyathazi,MMR010004,MMR010004,305589.3494,3056,581,,301952.3494
Mandalay,MMR010,Mandalay,Pyigyitagon,MMR010005,MMR010005,254379.7842,51,10,,254318.7842
Mandalay,MMR010,Mandalay,Amarapura,MMR010006,MMR010006,257123.2448,51,10,,257062.2448
Mandalay,MMR010,Mandalay,Patheingyi,MMR010007,MMR010007,283288.2628,0,0,,283288.2628
Mandalay,MMR010,Pyinoolwin,Pyinoolwin,MMR010008,MMR010008,274996.5186,0,0,,274996.5186
Mandalay,MMR010,Pyinoolwin,Madaya,MMR010009,MMR010009,278347.7232,2783,529,,275035.7232
Mandalay,MMR010,Pyinoolwin,Singu,MMR010010,MMR010010,169738.0282,0,0,,169738.0282
Mandalay,MMR010,Pyinoolwin,Mogoke,MMR010011,MMR010011,180414.623,36,7,,180371.623
Mandalay,MMR010,Pyinoolwin,Thabeikkyin,MMR010012,MMR010012,174620.1513,0,0,,174620.1513
Mandalay,MMR010,Kyaukse,Kyaukse,MMR010013,MMR010013,278800.8742,0,0,,278800.8742
Mandalay,MMR010,Kyaukse,Sintgaing,MMR010014,MMR010014,161989.9581,1620,308,,160061.9581
Mandalay,MMR010,Kyaukse,Myittha,MMR010015,MMR010015,212126.596,0,0,,212126.596
Mandalay,MMR010,Kyaukse,Tada-U,MMR010016,MMR010016,151483.8607,0,0,,151483.8607
Mandalay,MMR010,Myingyan,Myingyan,MMR010017,MMR010017,301516.1511,60,11,,301445.1511
Mandalay,MMR010,Myingyan,Taungtha,MMR010018,MMR010018,236047.3456,0,0,,236047.3456
Mandalay,MMR010,Myingyan,Natogyi,MMR010019,MMR010019,193975.2962,1940,369,,191666.2962
Mandalay,MMR010,Nyaung-U,Kyaukpadaung,MMR010020,MMR010020,286462.3326,0,0,,286462.3326
Mandalay,MMR010,Myingyan,Ngazun,MMR010021,MMR010021,136169.5258,0,0,,136169.5258
Mandalay,MMR010,Nyaung-U,Nyaung-U,MMR010022,MMR010022,262457.1475,0,0,,262457.1475
Mandalay,MMR010,Yamethin,Yamethin,MMR010023,MMR010023,279744.2488,0,0,,279744.2488
Mandalay,MMR010,Yamethin,Pyawbwe,MMR010024,MMR010024,282657.8898,0,0,,282657.8898
Mandalay,MMR010,Meiktila,Meiktila,MMR010028,MMR010028,337339.1977,0,0,,337339.1977
Mandalay,MMR010,Meiktila,Mahlaing,MMR010029,MMR010029,153551.7978,0,0,,153551.7978
Mandalay,MMR010,Meiktila,Thazi,MMR010030,MMR010030,219766.875,0,0,,219766.875
Mandalay,MMR010,Meiktila,Wundwin,MMR010031,MMR010031,251138.2576,0,0,,251138.2576
Mon,MMR011,Mawlamyine,Mawlamyine,MMR011001,MMR011001,279086.2051,68,13,,279005.2051
Mon,MMR011,Mawlamyine,Kyaikmaraw,MMR011002,MMR011002,185718.5607,0,0,,185718.5607
Mon,MMR011,Mawlamyine,Chaungzon,MMR011003,MMR011003,117626.2771,0,0,,117626.2771
Mon,MMR011,Mawlamyine,Thanbyuzayat,MMR011004,MMR011004,162860.6912,0,0,,162860.6912
Mon,MMR011,Mawlamyine,Mudon,MMR011005,MMR011005,183950.3348,0,0,,183950.3348
Mon,MMR011,Mawlamyine,Ye,MMR011006,MMR011006,250116.5432,50,10,,250056.5432
Mon,MMR011,Thaton,Thaton,MMR011007,MMR011007,226224.5125,13201,2508,,210515.5125
Mon,MMR011,Thaton,Paung,MMR011008,MMR011008,207768.443,0,0,,207768.443
Mon,MMR011,Thaton,Kyaikto,MMR011009,MMR011009,174662.0589,27821,5286,,141555.0589
Mon,MMR011,Thaton,Bilin,MMR011010,MMR011010,171425.3735,21903,4162,,145360.3735
Rakhine,MMR012,Sittwe,Sittwe,MMR012001,MMR012001,239094.2717,122622,23298,83807,9367.271683
Rakhine,MMR012,Sittwe,Ponnagyun,MMR012002,MMR012002,208337.2043,4074,774,2618,200871.2043
Rakhine,MMR012,Mrauk-U,Mrauk-U,MMR012003,MMR012003,304949.5005,31513,5987,26739,240710.5005
Rakhine,MMR012,Mrauk-U,Kyauktaw,MMR012004,MMR012004,278748.4957,11622,2208,53431,211487.4957
Rakhine,MMR012,Mrauk-U,Minbya,MMR012005,MMR012005,271265.6714,1387,264,33369,236245.6714
Rakhine,MMR012,Mrauk-U,Myebon,MMR012006,MMR012006,219757.6638,4669,887,,214201.6638
Rakhine,MMR012,Sittwe,Pauktaw,MMR012007,MMR012007,232770.1956,26697,5072,16141,184860.1956
Rakhine,MMR012,Sittwe,Rathedaung,MMR012008,MMR012008,139529,18582,3531,9609,107807
Rakhine,MMR012,Maungdaw,Maungdaw,MMR012009,MMR012009,114535,19047,3619,73035,18834
Rakhine,MMR012,Maungdaw,Buthidaung,MMR012010,MMR012010,206704,10579,2010,147992,46123
Rakhine,MMR012,Kyaukpyu,Kyaukpyu,MMR012011,MMR012011,267026.25,1001,190,,265835.25
Rakhine,MMR012,Kyaukpyu,Munaung,MMR012012,MMR012012,93387.01399,0,0,,93387.01399
Rakhine,MMR012,Kyaukpyu,Ramree,MMR012013,MMR012013,158906.8835,0,0,,158906.8835
Rakhine,MMR012,Kyaukpyu,Ann,MMR012014,MMR012014,192654.6402,1118,212,,191324.6402
Rakhine,MMR012,Thandwe,Thandwe,MMR012015,MMR012015,217432.8044,0,0,,217432.8044
Rakhine,MMR012,Thandwe,Toungup,MMR012016,MMR012016,256269.8189,0,0,,256269.8189
Rakhine,MMR012,Thandwe,Gwa,MMR012017,MMR012017,107520.8362,0,0,,107520.8362
Yangon,MMR013,Yangon (North),Insein,MMR013001,MMR013001,367570.9311,3676,698,,363196.9311
Yangon,MMR013,Yangon (North),Mingaladon,MMR013002,MMR013002,397346.8718,0,0,,397346.8718
Yangon,MMR013,Yangon (North),Hmawbi,MMR013003,MMR013003,293370.7185,0,0,,293370.7185
Yangon,MMR013,Yangon (North),Hlegu,MMR013004,MMR013004,323764.958,0,0,,323764.958
Yangon,MMR013,Yangon (North),Taikkyi,MMR013005,MMR013005,333895.6684,0,0,,333895.6684
Yangon,MMR013,Yangon (North),Htantabin,MMR013006,MMR013006,174639.0502,0,0,,174639.0502
Yangon,MMR013,Yangon (North),Shwepyithar,MMR013007,MMR013007,411830.0972,0,0,,411830.0972
Yangon,MMR013,Yangon (East),Thingangyun,MMR013009,MMR013009,252869.0283,2529,481,,249859.0283
Yangon,MMR013,Yangon (East),Yankin,MMR013010,MMR013010,85965.51484,860,163,,84942.51484
Yangon,MMR013,Yangon (East),South Okkalapa,MMR013011,MMR013011,194878.821,1949,370,,192559.821
Yangon,MMR013,Yangon (East),North Okkalapa,MMR013012,MMR013012,400937.3556,0,0,,400937.3556
Yangon,MMR013,Yangon (East),Thaketa,MMR013013,MMR013013,266005.162,2660,505,,262840.162
Yangon,MMR013,Yangon (East),Dawbon,MMR013014,MMR013014,90615.3985,906,172,,89537.3985
Yangon,MMR013,Yangon (East),Tamwe,MMR013015,MMR013015,200616.9314,2006,381,,198229.9314
Yangon,MMR013,Yangon (East),Pazundaung,MMR013016,MMR013016,58882.83887,589,112,,58181.83887
Yangon,MMR013,Yangon (East),Botahtaung,MMR013017,MMR013017,49633.31769,496,94,,49043.31769
Yangon,MMR013,Yangon (East),Dagon Myothit (South),MMR013018,MMR013018,445991.7614,0,0,,445991.7614
Yangon,MMR013,Yangon (East),Dagon Myothit (North),MMR013019,MMR013019,247861.7567,2479,471,,244911.7567
Yangon,MMR013,Yangon (East),Dagon Myothit (East),MMR013020,MMR013020,199007.1885,0,0,,199007.1885
Yangon,MMR013,Yangon (East),Dagon Myothit (Seikkan),MMR013021,MMR013021,200709.8613,0,0,,200709.8613
Yangon,MMR013,Yangon (East),Mingalartaungnyunt,MMR013022,MMR013022,160464.5023,0,0,,160464.5023
Yangon,MMR013,Yangon (South),Thanlyin,MMR013023,MMR013023,322739.8729,0,0,,322739.8729
Yangon,MMR013,Yangon (South),Kyauktan,MMR013024,MMR013024,201873.5755,0,0,,201873.5755
Yangon,MMR013,Yangon (South),Thongwa,MMR013025,MMR013025,190768.3527,0,0,,190768.3527
Yangon,MMR013,Yangon (South),Kayan,MMR013026,MMR013026,190509.8348,0,0,,190509.8348
Yangon,MMR013,Yangon (South),Twantay,MMR013027,MMR013027,271544.0443,0,0,,271544.0443
Yangon,MMR013,Yangon (South),Kawhmu,MMR013028,MMR013028,143114.296,0,0,,143114.296
Yangon,MMR013,Yangon (South),Kungyangon,MMR013029,MMR013029,134600.1962,1346,256,,132998.1962
Yangon,MMR013,Yangon (South),Dala,MMR013030,MMR013030,207090.4662,0,0,,207090.4662
Yangon,MMR013,Yangon (South),Seikgyikanaungto,MMR013031,MMR013031,40792.12628,0,0,,40792.12628
Yangon,MMR013,Yangon (South),Cocokyun,MMR013032,MMR013032,2338.491247,0,0,,2338.491247
Yangon,MMR013,Yangon (West),Kyauktada,MMR013033,MMR013033,36399.28456,7,1,,36391.28456
Yangon,MMR013,Yangon (West),Pabedan,MMR013034,MMR013034,40436.04901,0,0,,40436.04901
Yangon,MMR013,Yangon (West),Lanmadaw,MMR013035,MMR013035,56958.86347,570,108,,56280.86347
Yangon,MMR013,Yangon (West),Latha,MMR013036,MMR013036,30410.44691,0,0,,30410.44691
Yangon,MMR013,Yangon (West),Ahlone,MMR013037,MMR013037,67099.45145,671,127,,66301.45145
Yangon,MMR013,Yangon (West),Kyeemyindaing,MMR013038,MMR013038,134561.6661,1346,256,,132959.6661
Yangon,MMR013,Yangon (West),Sanchaung,MMR013039,MMR013039,120665.8195,24,5,,120636.8195
Yangon,MMR013,Yangon (West),Hlaing,MMR013040,MMR013040,193788.6751,1938,368,,191482.6751
Yangon,MMR013,Yangon (West),Kamaryut,MMR013041,MMR013041,101824.4101,20,4,,101800.4101
Yangon,MMR013,Yangon (West),Mayangone,MMR013042,MMR013042,238482.5502,2385,453,,235644.5502
Yangon,MMR013,Yangon (West),Dagon,MMR013043,MMR013043,30183.20097,6,1,,30176.20097
Yangon,MMR013,Yangon (West),Bahan,MMR013044,MMR013044,116946.2818,1169,222,,115555.2818
Yangon,MMR013,Yangon (West),Seikkan,MMR013045,MMR013045,3369.607673,0,0,,3369.607673
Yangon,MMR013,,Hlaingtharya (East),MMR013046,#N/A,618275.8092,0,0,,618275.8092
Yangon,MMR013,,Hlaingtharya (West),MMR013047,#N/A,201609.8945,0,0,,201609.8945
Shan (South),MMR222,Taunggyi,Taunggyi,MMR014001,MMR014001,503620.7488,6522,1239,,495859.7488
Shan (South),MMR222,Taunggyi,Nyaungshwe,MMR014002,MMR014002,217900.1963,12889,2449,,202562.1963
Shan (South),MMR222,Pa-O Self-Administered Zone,Hopong,MMR014003,MMR014003,128348.5253,1253,238,,126857.5253
Shan (South),MMR222,Pa-O Self-Administered Zone,Hsihseng,MMR014004,MMR014004,174167.7194,25783,4899,,143485.7194
Shan (South),MMR222,Taunggyi,Kalaw,MMR014005,MMR014005,212956.6381,2544,483,,209929.6381
Shan (South),MMR222,Danu Self-Administered Zone,Pindaya,MMR014006,MMR014006,91007.92235,1585,301,,89121.92235
Shan (South),MMR222,Danu Self-Administered Zone,Ywangan,MMR014007,MMR014007,94661.90439,19,4,,94638.90439
Shan (South),MMR222,Taunggyi,Lawksawk,MMR014008,MMR014008,188076.0928,583,111,,187382.0928
Shan (South),MMR222,Pa-O Self-Administered Zone,Pinlaung,MMR014009,MMR014009,219988.5814,21257,4039,,194692.5814
Shan (South),MMR222,Taunggyi,Pekon,MMR014010,MMR014010,117598.4381,106835,20299,,0
Shan (South),MMR222,Loilen,Loilen,MMR014011,MMR014011,142577.6886,539,102,,141936.6886
Shan (South),MMR222,Loilen,Laihka,MMR014012,MMR014012,56040.95786,2629,500,,52911.95786
Shan (South),MMR222,Loilen,Nansang,MMR014013,MMR014013,133436.0498,0,0,,133436.0498
Shan (South),MMR222,Loilen,Kunhing,MMR014014,MMR014014,61513.19247,558,106,,60849.19247
Shan (South),MMR222,Loilen,Kyethi,MMR014015,MMR014015,85226.86495,1837,349,,83040.86495
Shan (South),MMR222,Loilen,Mongkaing,MMR014016,MMR014016,85786.54676,21887,4159,,59740.54676
Shan (South),MMR222,Loilen,Monghsu,MMR014017,MMR014017,83089.59978,0,0,,83089.59978
Shan (South),MMR222,Langkho,Langkho,MMR014018,MMR014018,47240.48739,0,0,,47240.48739
Shan (South),MMR222,Langkho,Mongnai,MMR014019,MMR014019,45447.78665,0,0,,45447.78665
Shan (South),MMR222,Langkho,Mawkmai,MMR014020,MMR014020,38617.64179,467,89,,38061.64179
Shan (South),MMR222,Langkho,Mongpan,MMR014021,MMR014021,29849.25954,933,177,,28739.25954
Shan (North),MMR222,Lashio,Lashio,MMR015001,MMR015001,371388.5508,10454,1986,,358948.5508
Shan (North),MMR222,Lashio,Hseni,MMR015002,MMR015002,65280.11396,1120,213,,63947.11396
Shan (North),MMR222,Lashio,Mongyai,MMR015003,MMR015003,68116.52227,0,0,,68116.52227
Shan (North),MMR222,Lashio,Tangyan,MMR015004,MMR015004,197348.4686,1197,227,,195924.4686
Shan (North),MMR222,Matman,Pangsang (Panghkam),MMR015005,MMR015005,120299.3809,0,0,,120299.3809
Shan (North),MMR222,Matman,Narphan,MMR015006,MMR015006,131696.6474,0,0,,131696.6474
Shan (North),MMR222,Hopang,Pangwaun,MMR015007,MMR015007,110025.0106,0,0,,110025.0106
Shan (North),MMR222,Hopang,Mongmao,MMR015008,MMR015008,80323.67278,0,0,,80323.67278
Shan (North),MMR222,Muse,Muse,MMR015009,MMR015009,197071.281,8919,1695,,186457.281
Shan (North),MMR222,Muse,Namhkan,MMR015010,MMR015010,123118.5908,765,145,,122208.5908
Shan (North),MMR222,Muse,Kutkai,MMR015011,MMR015011,199360.5261,8354,1587,,189419.5261
Shan (North),MMR222,Kyaukme,Kyaukme,MMR015012,MMR015012,198633.363,20877,3967,,173789.363
Shan (North),MMR222,Kyaukme,Nawnghkio,MMR015013,MMR015013,172062.7247,2578,490,,168994.7247
Shan (North),MMR222,Kyaukme,Hsipaw,MMR015014,MMR015014,202489.3466,24805,4713,,172971.3466
Shan (North),MMR222,Kyaukme,Namtu,MMR015015,MMR015015,58159.48357,13892,2639,,41628.48357
Shan (North),MMR222,Pa Laung Self-Administered Zone,Namhsan,MMR015016,MMR015016,83056.83708,4393,835,,77828.83708
Shan (North),MMR222,Mongmit,Mongmit,MMR015017,MMR015017,72968.6042,956,182,,71830.6042
Shan (North),MMR222,Mongmit,Mabein,MMR015018,MMR015018,54350.3099,0,0,,54350.3099
Shan (North),MMR222,Pa Laung Self-Administered Zone,Manton,MMR015019,MMR015019,44077.3552,324,62,,43691.3552
Shan (North),MMR222,Lashio,Kunlong,MMR015020,MMR015020,67040.90435,845,161,,66034.90435
Shan (North),MMR222,Hopang,Hopang,MMR015021,MMR015021,69851.26625,0,0,,69851.26625
Shan (North),MMR222,Kokang Self-Administered Zone,Laukkaing,MMR015022,MMR015022,107921.61,2333,443,,105145.61
Shan (North),MMR222,Kokang Self-Administered Zone,Konkyan,MMR015023,MMR015023,68384.39343,0,0,,68384.39343
Shan (North),MMR222,Matman,Matman,MMR015024,MMR015024,22408.5248,0,0,,22408.5248
Shan (East),MMR222,Kengtung,Kengtung,MMR016001,MMR016001,197598.4783,0,0,,197598.4783
Shan (East),MMR222,Kengtung,Mongkhet,MMR016002,MMR016002,50803.44709,0,0,,50803.44709
Shan (East),MMR222,Kengtung,Mongyang,MMR016003,MMR016003,123452.9105,0,0,,123452.9105
Shan (East),MMR222,Kengtung,Mongla,MMR016005,MMR016005,49509.03377,0,0,,49509.03377
Shan (East),MMR222,Monghsat,Monghsat,MMR016006,MMR016006,118612.6231,0,0,,118612.6231
Shan (East),MMR222,Kengtung,Mongping,MMR016007,MMR016007,78632.49615,0,0,,78632.49615
Shan (East),MMR222,Monghsat,Mongton,MMR016008,MMR016008,79770.72738,0,0,,79770.72738
Shan (East),MMR222,Tachileik,Tachileik,MMR016009,MMR016009,204066.2156,0,0,,204066.2156
Shan (East),MMR222,Tachileik,Monghpyak,MMR016010,MMR016010,35130.44124,0,0,,35130.44124
Shan (East),MMR222,Tachileik,Mongyawng,MMR016011,MMR016011,92607.29633,0,0,,92607.29633
Ayeyarwady,MMR017,Pathein,Pathein,MMR017001,MMR017001,385609.1242,3856,733,,381020.1242
Ayeyarwady,MMR017,Pathein,Kangyidaunt,MMR017002,MMR017002,179066.7477,0,0,,179066.7477
Ayeyarwady,MMR017,Pathein,Thabaung,MMR017003,MMR017003,155584.4275,0,0,,155584.4275
Ayeyarwady,MMR017,Pathein,Ngapudaw,MMR017004,MMR017004,327127.6112,0,0,,327127.6112
Ayeyarwady,MMR017,Pathein,Kyonpyaw,MMR017005,MMR017005,239189.2437,0,0,,239189.2437
Ayeyarwady,MMR017,Pathein,Yegyi,MMR017006,MMR017006,197932.3144,0,0,,197932.3144
Ayeyarwady,MMR017,Pathein,Kyaunggon,MMR017007,MMR017007,165155.2668,0,0,,165155.2668
Ayeyarwady,MMR017,Hinthada,Hinthada,MMR017008,MMR017008,346305.3676,0,0,,346305.3676
Ayeyarwady,MMR017,Hinthada,Zalun,MMR017009,MMR017009,171492.338,0,0,,171492.338
Ayeyarwady,MMR017,Hinthada,Lemyethna,MMR017010,MMR017010,104781.5538,0,0,,104781.5538
Ayeyarwady,MMR017,Hinthada,Myanaung,MMR017011,MMR017011,225066.9552,0,0,,225066.9552
Ayeyarwady,MMR017,Hinthada,Kyangin,MMR017012,MMR017012,99051.48971,0,0,,99051.48971
Ayeyarwady,MMR017,Hinthada,Ingapu,MMR017013,MMR017013,220363.716,0,0,,220363.716
Ayeyarwady,MMR017,Myaungmya,Myaungmya,MMR017014,MMR017014,301156.7514,0,0,,301156.7514
Ayeyarwady,MMR017,Myaungmya,Einme,MMR017015,MMR017015,196128.9628,0,0,,196128.9628
Ayeyarwady,MMR017,Labutta,Labutta,MMR017016,MMR017016,314571.0956,0,0,,314571.0956
Ayeyarwady,MMR017,Myaungmya,Wakema,MMR017017,MMR017017,292895.3061,0,0,,292895.3061
Ayeyarwady,MMR017,Labutta,Mawlamyinegyun,MMR017018,MMR017018,313967.6743,0,0,,313967.6743
Ayeyarwady,MMR017,Maubin,Maubin,MMR017019,MMR017019,317836.4344,0,0,,317836.4344
Ayeyarwady,MMR017,Maubin,Pantanaw,MMR017020,MMR017020,267781.4474,0,0,,267781.4474
Ayeyarwady,MMR017,Maubin,Nyaungdon,MMR017021,MMR017021,218531.2584,0,0,,218531.2584
Ayeyarwady,MMR017,Maubin,Danubyu,MMR017022,MMR017022,183071.7284,0,0,,183071.7284
Ayeyarwady,MMR017,Pyapon,Pyapon,MMR017023,MMR017023,314387.588,0,0,,314387.588
Ayeyarwady,MMR017,Pyapon,Bogale,MMR017024,MMR017024,323684.4338,0,0,,323684.4338
Ayeyarwady,MMR017,Pyapon,Kyaiklat,MMR017025,MMR017025,195251.6232,0,0,,195251.6232
Ayeyarwady,MMR017,Pyapon,Dedaye,MMR017026,MMR017026,204354.54,0,0,,204354.54
Nay Pyi Taw,MMR018,Oke Ta Ra,Zay Yar Thi Ri,MMR018001,MMR018001,127920.7599,0,0,,127920.7599
Nay Pyi Taw,MMR018,Det Khi Na,Za Bu Thi Ri,MMR018002,MMR018002,127241.5675,0,0,,127241.5675
Nay Pyi Taw,MMR018,Oke Ta Ra,Tatkon,MMR018003,MMR018003,253564.5702,0,0,,253564.5702
Nay Pyi Taw,MMR018,Det Khi Na,Det Khi Na Thi Ri,MMR018004,MMR018004,58176.14748,0,0,,58176.14748
Nay Pyi Taw,MMR018,Oke Ta Ra,Poke Ba Thi Ri,MMR018005,MMR018005,134092.2237,0,0,,134092.2237
Nay Pyi Taw,MMR018,Det Khi Na,Pyinmana,MMR018006,MMR018006,217219.6519,0,0,,217219.6519
Nay Pyi Taw,MMR018,Det Khi Na,Lewe,MMR018007,MMR018007,329696.9242,0,0,,329696.9242
Nay Pyi Taw,MMR018,Oke Ta Ra,Oke Ta Ra Thi Ri,MMR018008,MMR018008,93568.15525,0,0,,93568.15525
