State/Region,State/Region Pcode,District, Township ,Township Pcode,,"Population 
(2022 Projected)",,% People with disabilities (Age 5 yrs+),% FEMALE,% CHILDREN  (Age 0-17 yrs),% ADULTS ( Age 18-59yrs),% ELDERS  (Age 60+),"IDPs 
(projection)","Returned, resettled and locally integrated IDPs
(projection)","Non-displaced stateless people in Rakhine
",Rest of the population
Kachin,MMR001,Myitkyina,Myitkyina,MMR001001,MMR001001,387555.0313,,0.088977616,0.515311299,0.337485297,0.57738241,0.085132293,14364,2729,,370462.0313
Kachin,MMR001,Myitkyina,Waingmaw,MMR001002,MMR001002,153377.0225,,0.088977616,0.502386086,0.38198367,0.531717119,0.08629921,31793,6041,,115543.0225
Kachin,MMR001,Myitkyina,Injangyang,MMR001003,MMR001003,2104.985958,,0.088977616,0.451925676,0.384527423,0.568500784,0.046971792,597,113,,1394.985958
Kachin,MMR001,Myitkyina,Tanai,MMR001004,MMR001004,73155.62113,,0.088977616,0.465824482,0.35445704,0.592987341,0.052555619,1434,272,,71449.62113
Kachin,MMR001,Myitkyina,Chipwi,MMR001005,MMR001005,24096.95791,,0.088977616,0.487167383,0.456107684,0.48101464,0.062877676,2617,497,,20982.95791
Kachin,MMR001,Myitkyina,Tsawlaw,MMR001006,MMR001006,7867.595786,,0.088977616,0.486709112,0.472516156,0.450676616,0.076807228,79,15,,7773.595786
Kachin,MMR001,Mohnyin,Mohnyin,MMR001007,MMR001007,256126.3762,,0.088977616,0.514991901,0.346844188,0.560004311,0.093151501,2068,393,,253665.3762
Kachin,MMR001,Mohnyin,Mogaung,MMR001008,MMR001008,162575.5166,,0.088977616,0.521057392,0.359472693,0.546562733,0.093964575,5867,1115,,155593.5166
Kachin,MMR001,Mohnyin,Hpakant,MMR001009,MMR001009,402320.1722,,0.088977616,0.366035785,0.248657067,0.714552437,0.036790496,10869,2065,,389386.1722
Kachin,MMR001,Bhamo,Bhamo,MMR001010,MMR001010,166451.6811,,0.088977616,0.50938745,0.33705793,0.574275357,0.088666713,12247,2327,,151877.6811
Kachin,MMR001,Bhamo,Shwegu,MMR001011,MMR001011,115705.849,,0.088977616,0.502536777,0.362560009,0.559254334,0.078185657,2246,427,,113032.849
Kachin,MMR001,Bhamo,Momauk,MMR001012,MMR001012,77294.47306,,0.088977616,0.506876405,0.350326123,0.549498267,0.10017561,28425,5401,,43468.47306
Kachin,MMR001,Bhamo,Mansi,MMR001013,MMR001013,64861.74641,,0.088977616,0.505387453,0.351283436,0.564450965,0.084265598,14880,2827,,47154.74641
Kachin,MMR001,Puta-O,Puta-O,MMR001014,MMR001014,74395.26694,,0.088977616,0.505628541,0.41761142,0.497521684,0.084866897,4320,821,,69254.26694
Kachin,MMR001,Puta-O,Sumprabum,MMR001015,MMR001015,3106.96003,,0.088977616,0.489677006,0.403628316,0.519728311,0.076643373,1149,218,,1739.96003
Kachin,MMR001,Puta-O,Machanbaw,MMR001016,MMR001016,10911.12055,,0.088977616,0.49475886,0.410480428,0.498810959,0.090708613,0,0,,10911.12055
Kachin,MMR001,Puta-O,Nawngmun,MMR001017,MMR001017,8705.692807,,0.088977616,0.49264366,0.432269143,0.476248932,0.091481925,87,17,,8601.692807
Kachin,MMR001,Puta-O,Khaunglanhpu,MMR001018,MMR001018,14052.93033,,0.088977616,0.497828817,0.371210699,0.548033714,0.080755587,0,0,,14052.93033
Kayah,MMR002,Loikaw,Loikaw,MMR002001,MMR002001,154754.1349,,0.108318941,0.512729394,0.295804043,0.622845065,0.081350892,32880,6247,,115627.1349
Kayah,MMR002,Loikaw,Demoso,MMR002002,MMR002002,94740.75451,,0.108318941,0.512275069,0.33450063,0.594999161,0.070500209,75792,14400,,0
Kayah,MMR002,Loikaw,Hpruso,MMR002003,MMR002003,35201.21862,,0.108318941,0.512155995,0.343631453,0.582779956,0.073588591,28161,5351,,1689.218615
Kayah,MMR002,Loikaw,Shadaw,MMR002004,MMR002004,8120.2868,,0.108318941,0.506043373,0.325858705,0.586963108,0.087178187,364,69,,7687.2868
Kayah,MMR002,Bawlake,Bawlake,MMR002005,MMR002005,13169.95324,,0.108318941,0.450345091,0.275365923,0.667023227,0.05761085,310,59,,12800.95324
Kayah,MMR002,Bawlake,Hpasawng,MMR002006,MMR002006,30565.01455,,0.108318941,0.459548025,0.293887543,0.652219919,0.053892539,120,23,,30422.01455
Kayah,MMR002,Bawlake,Mese,MMR002007,MMR002007,7538.637339,,0.108318941,0.462926012,0.283209105,0.664249344,0.052541551,836,159,,6543.637339
Kayin,MMR003,Hpa-An,Hpa-An,MMR003001,MMR003001,461756.3028,,0.166313027,0.523427401,0.372031308,0.502624268,0.125344423,3914,744,,457098.3028
Kayin,MMR003,Hpa-An,Hlaingbwe,MMR003002,MMR003002,288669.2346,,0.166313027,0.516908114,0.407400855,0.476147052,0.116452093,10951,2081,,275637.2346
Kayin,MMR003,Hpapun,Hpapun,MMR003003,MMR003003,123257,,0.166313027,0.491554433,0.397886389,0.525054187,0.077059424,42749,8122,,72386
Kayin,MMR003,Hpa-An,Thandaunggyi,MMR003004,MMR003004,103949.2867,,0.166313027,0.498506223,0.409817201,0.514228112,0.075954687,24328,4622,,74999.28675
Kayin,MMR003,Myawaddy,Myawaddy,MMR003005,MMR003005,226192.5262,,0.166313027,0.493275623,0.36166519,0.574017406,0.064317404,47766,9076,,169350.5262
Kayin,MMR003,Kawkareik,Kawkareik,MMR003006,MMR003006,240336.6926,,0.166313027,0.528121086,0.373867044,0.503090588,0.123042368,26976,5125,,208235.6926
Kayin,MMR003,Kawkareik,Kyainseikgyi,MMR003007,MMR003007,276205.6406,,0.166313027,0.510569679,0.395252249,0.516965591,0.08778216,14744,2801,,258660.6406
Chin,MMR004,Falam,Falam,MMR004001,MMR004001,53870.41165,,0.206297108,0.51272717,0.443492174,0.466602528,0.089905299,2269,431,,51170.41165
Chin,MMR004,Hakha,Hakha,MMR004002,MMR004002,54189.56114,,0.206297108,0.527576793,0.417065494,0.482387944,0.100546562,12270,2331,,39588.56114
Chin,MMR004,Hakha,Thantlang,MMR004003,MMR004003,56507.12685,,0.206297108,0.518667694,0.470142937,0.437262833,0.09259423,27439,5213,,23855.12685
Chin,MMR004,Falam,Tedim,MMR004004,MMR004004,98125.99012,,0.206297108,0.524566024,0.48318365,0.444001843,0.072814506,20,4,,98101.99012
Chin,MMR004,Falam,Tonzang,MMR004005,MMR004005,35660.42705,,0.206297108,0.510720969,0.504932554,0.430449008,0.064618438,357,68,,35235.42705
Chin,MMR004,Mindat,Mindat,MMR004006,MMR004006,47623.78854,,0.206297108,0.540191354,0.495907,0.419481084,0.084611916,13685,2600,,31338.78854
Chin,MMR004,Matupi,Matupi,MMR004007,MMR004007,57597.89583,,0.206297108,0.533650622,0.464214574,0.433104921,0.102680505,12624,2399,,42574.89583
Chin,MMR004,Mindat,Kanpetlet,MMR004008,MMR004008,24026.116,,0.206297108,0.523469814,0.507195061,0.422049332,0.070755607,8510,1617,,13899.116
Chin,MMR004,Matupi,Paletwa,MMR004009,MMR004009,108375.6828,,0.206297108,0.521975523,0.475029078,0.451135756,0.073835166,2575,489,,105311.6828
Sagaing,MMR005,Sagaing,Sagaing,MMR005001,MMR005001,330767.403,,0.096137431,0.536235826,0.272287442,0.593414713,0.134297845,3308,629,,326830.403
Sagaing,MMR005,Sagaing,Myinmu,MMR005002,MMR005002,115942.7575,,0.096137431,0.545930772,0.248647193,0.60091213,0.150440677,52076,9894,,53972.75749
Sagaing,MMR005,Sagaing,Myaung,MMR005003,MMR005003,115460.3366,,0.096137431,0.555629925,0.258759384,0.586839745,0.154400871,70789,13450,,31221.33661
Sagaing,MMR005,Shwebo,Shwebo,MMR005004,MMR005004,286642.3947,,0.096137431,0.539318332,0.272916709,0.602726643,0.124356648,61940,11769,,212933.3947
Sagaing,MMR005,Shwebo,Khin-U,MMR005005,MMR005005,156828.5527,,0.096137431,0.538832315,0.290543158,0.586432646,0.123024196,23981,4556,,128291.5527
Sagaing,MMR005,Shwebo,Wetlet,MMR005006,MMR005006,211850.2732,,0.096137431,0.544128728,0.26521701,0.589948156,0.144834834,13607,2585,,195658.2732
Sagaing,MMR005,Kanbalu,Kanbalu,MMR005007,MMR005007,313642.0613,,0.096137431,0.527780745,0.331834314,0.570346825,0.097818861,5843,1110,,306689.0613
Sagaing,MMR005,Kanbalu,Kyunhla,MMR005008,MMR005008,110468.4511,,0.096137431,0.510081987,0.323219123,0.582520962,0.094259915,28628,5439,,76401.45106
Sagaing,MMR005,Shwebo,Ye-U,MMR005009,MMR005009,127102.0596,,0.096137431,0.568772165,0.313629443,0.540811432,0.145559124,50961,9683,,66458.05964
Sagaing,MMR005,Shwebo,Tabayin,MMR005010,MMR005010,150943.8908,,0.096137431,0.545514953,0.313512525,0.552123478,0.134363997,120828,22957,,7158.890813
Sagaing,MMR005,Shwebo,Taze,MMR005011,MMR005011,176858.5159,,0.096137431,0.563837025,0.325598327,0.537626977,0.136774695,103052,19580,,54226.51588
Sagaing,MMR005,Monywa,Monywa,MMR005012,MMR005012,399023.4257,,0.096137431,0.540771928,0.271252182,0.607540894,0.121206924,80,15,,398928.4257
Sagaing,MMR005,Monywa,Budalin,MMR005013,MMR005013,133413.3719,,0.096137431,0.558117866,0.292149258,0.557423022,0.15042772,66269,12591,,54553.37193
Sagaing,MMR005,Monywa,Ayadaw,MMR005014,MMR005014,167727.3669,,0.096137431,0.548921643,0.27343728,0.585916165,0.140646555,37954,7211,,122562.3669
Sagaing,MMR005,Monywa,Chaung-U,MMR005015,MMR005015,114110.0397,,0.096137431,0.545935935,0.269524584,0.591929464,0.138545951,5609,1066,,107435.0397
Sagaing,MMR005,Yinmarbin,Yinmarbin,MMR005016,MMR005016,151485.8608,,0.096137431,0.535656274,0.302092092,0.57291605,0.124991858,63173,12003,,76309.86078
Sagaing,MMR005,Yinmarbin,Kani,MMR005017,MMR005017,143747.6209,,0.096137431,0.537460576,0.321615567,0.561510104,0.116874329,28712,5455,,109580.6209
Sagaing,MMR005,Yinmarbin,Salingyi,MMR005018,MMR005018,131185.3915,,0.096137431,0.545438119,0.278828207,0.584168318,0.137003475,8590,1632,,120963.3915
Sagaing,MMR005,Yinmarbin,Pale,MMR005019,MMR005019,154347.5051,,0.096137431,0.538052892,0.305747988,0.563549249,0.130702764,123478,23461,,7408.505124
Sagaing,MMR005,Katha,Katha,MMR005020,MMR005020,176968.7521,,0.096137431,0.510748914,0.36672271,0.552203422,0.081073868,1414,269,,175285.7521
Sagaing,MMR005,Katha,Indaw,MMR005021,MMR005021,127650.2686,,0.096137431,0.530436154,0.356869939,0.543346438,0.099783623,2381,452,,124817.2686
Sagaing,MMR005,Katha,Tigyaing,MMR005022,MMR005022,137740.0411,,0.096137431,0.510810214,0.337494567,0.573587835,0.088917598,28,5,,137707.0411
Sagaing,MMR005,Katha,Banmauk,MMR005023,MMR005023,118833.9225,,0.096137431,0.493687499,0.377232393,0.547163665,0.075603942,1188,226,,117419.9225
Sagaing,MMR005,Kawlin,Kawlin,MMR005024,MMR005024,155231.4345,,0.096137431,0.521628548,0.299092757,0.59823876,0.102668483,42143,8007,,105081.4345
Sagaing,MMR005,Kawlin,Wuntho,MMR005025,MMR005025,78158.07567,,0.096137431,0.519029357,0.334437016,0.569222848,0.096340137,18554,3525,,56079.07567
Sagaing,MMR005,Kawlin,Pinlebu,MMR005026,MMR005026,118760.8741,,0.096137431,0.535094623,0.357717861,0.546902105,0.095380034,36493,6934,,75333.87415
Sagaing,MMR005,Kale,Kale,MMR005027,MMR005027,370046.6676,,0.096137431,0.520154615,0.341751857,0.565265757,0.092982385,80418,15279,,274349.6676
Sagaing,MMR005,Kale,Kalewa,MMR005028,MMR005028,59991.55016,,0.096137431,0.509583833,0.324119334,0.582200775,0.093679891,600,114,,59277.55016
Sagaing,MMR005,Kale,Mingin,MMR005029,MMR005029,111080.6828,,0.096137431,0.520526719,0.333041423,0.566918775,0.100039803,65349,12416,,33315.6828
Sagaing,MMR005,Tamu,Tamu,MMR005030,MMR005030,121127.0837,,0.096137431,0.504416388,0.386919822,0.536491927,0.076588252,24,5,,121098.0837
Sagaing,MMR005,Mawlaik,Mawlaik,MMR005031,MMR005031,54502.48066,,0.096137431,0.513232467,0.348298003,0.552609463,0.099092534,11,2,,54489.48066
Sagaing,MMR005,Mawlaik,Paungbyin,MMR005032,MMR005032,119166.4401,,0.096137431,0.524110214,0.395419861,0.51012098,0.094459158,1192,226,,117748.4401
Sagaing,MMR005,Hkamti,Hkamti,MMR005033,MMR005033,50079.50985,,0.096137431,0.434897871,0.340655667,0.606554479,0.052789854,501,95,,49483.50985
Sagaing,MMR005,Hkamti,Homalin,MMR005034,MMR005034,270724.3605,,0.096137431,0.483359195,0.385198173,0.553046287,0.06175554,0,0,,270724.3605
Sagaing,MMR005,Naga Self-Administered Zone,Lay Shi,MMR005035,MMR005035,17130.20821,,0.096137431,0.512103299,0.431636912,0.498356654,0.070006433,0,0,,17130.20821
Sagaing,MMR005,Naga Self-Administered Zone,Lahe,MMR005036,MMR005036,50785.90406,,0.096137431,0.499096602,0.446820374,0.474730512,0.078449114,0,0,,50785.90406
Sagaing,MMR005,Naga Self-Administered Zone,Nanyun,MMR005037,MMR005037,54470.4648,,0.096137431,0.486227102,0.442831358,0.487882156,0.069286486,0,0,,54470.4648
Tanintharyi,MMR006,Dawei,Dawei,MMR006001,MMR006001,160970.753,,0.11591689,0.523146963,0.313530367,0.563018798,0.123450834,6178,1174,,153618.753
Tanintharyi,MMR006,Dawei,Launglon,MMR006002,MMR006002,129467.8583,,0.11591689,0.534546989,0.363265697,0.489344446,0.147389857,26,5,,129436.8583
Tanintharyi,MMR006,Dawei,Thayetchaung,MMR006003,MMR006003,115291.0587,,0.11591689,0.527367107,0.365378178,0.491890355,0.142731467,31826,6047,,77418.05867
Tanintharyi,MMR006,Dawei,Yebyu,MMR006004,MMR006004,132830.9526,,0.11591689,0.493544815,0.367442119,0.52538998,0.107167901,6619,1258,,124953.9526
Tanintharyi,MMR006,Myeik,Myeik,MMR006005,MMR006005,308243.6298,,0.11591689,0.512140679,0.350857744,0.5551012,0.094041056,848,161,,307234.6298
Tanintharyi,MMR006,Myeik,Kyunsu,MMR006006,MMR006006,183848.5576,,0.11591689,0.489992897,0.417546663,0.518504561,0.063948775,0,0,,183848.5576
Tanintharyi,MMR006,Myeik,Palaw,MMR006007,MMR006007,140533.9285,,0.11591689,0.514084396,0.398933054,0.498074383,0.102992563,6384,1213,,132936.9285
Tanintharyi,MMR006,Myeik,Tanintharyi,MMR006008,MMR006008,114700.5616,,0.11591689,0.488911804,0.400126595,0.5262591,0.073614305,13400,2546,,98754.56162
Tanintharyi,MMR006,Kawthoung,Kawthoung,MMR006009,MMR006009,151222.1748,,0.11591689,0.485830711,0.356124437,0.567109855,0.076765707,0,0,,151222.1748
Tanintharyi,MMR006,Kawthoung,Bokpyin,MMR006010,MMR006010,87247.52526,,0.11591689,0.46584154,0.399923392,0.546571075,0.053505533,614,117,,86516.52526
Bago (East),MMR111,Bago,Bago,MMR007001,MMR007001,500087.8011,,0.125583434,0.525326285,0.314185866,0.574240849,0.111573285,5001,950,,494136.8011
Bago (East),MMR111,Bago,Thanatpin,MMR007002,MMR007002,146303.6844,,0.125583434,0.528167649,0.373719615,0.517040973,0.109239412,0,0,,146303.6844
Bago (East),MMR111,Bago,Kawa,MMR007003,MMR007003,199548.6958,,0.125583434,0.529061831,0.356306127,0.527496697,0.116197176,0,0,,199548.6958
Bago (East),MMR111,Bago,Waw,MMR007004,MMR007004,177665.3708,,0.125583434,0.528949273,0.372055943,0.515533527,0.11241053,0,0,,177665.3708
Bago (East),MMR111,Bago,Nyaunglebin,MMR007005,MMR007005,202766.4611,,0.125583434,0.5310921,0.327511474,0.55622206,0.116266466,4501,855,,197410.4611
Bago (East),MMR111,Bago,Kyauktaga,MMR007006,MMR007006,252902.0255,,0.125583434,0.525581645,0.358794177,0.544813242,0.096392581,1127,214,,251561.0255
Bago (East),MMR111,Bago,Daik-U,MMR007007,MMR007007,205038.5659,,0.125583434,0.528806606,0.338340808,0.553722236,0.107936956,0,0,,205038.5659
Bago (East),MMR111,Bago,Shwegyin,MMR007008,MMR007008,107901.9179,,0.125583434,0.509310862,0.367348254,0.543046975,0.089604771,191,36,,107674.9179
Bago (East),MMR111,Taungoo,Taungoo,MMR007009,MMR007009,267279.7629,,0.125583434,0.527306003,0.304434647,0.577953733,0.11761162,4585,871,,261823.7629
Bago (East),MMR111,Taungoo,Yedashe,MMR007010,MMR007010,216257.8718,,0.125583434,0.520599345,0.326655905,0.566806222,0.106537872,0,0,,216257.8718
Bago (East),MMR111,Taungoo,Kyaukkyi,MMR007011,MMR007011,113765.4305,,0.125583434,0.525181511,0.387776938,0.511122342,0.10110072,72872,13846,,27047.4305
Bago (East),MMR111,Taungoo,Phyu,MMR007012,MMR007012,260566.6057,,0.125583434,0.533757692,0.340491165,0.546150552,0.113358283,6001,1140,,253425.6057
Bago (East),MMR111,Taungoo,Oktwin,MMR007013,MMR007013,161706.9219,,0.125583434,0.532611513,0.338100904,0.551672422,0.110226674,490,93,,161123.9219
Bago (East),MMR111,Taungoo,Htantabin,MMR007014,MMR007014,118503.832,,0.125583434,0.532768744,0.352622606,0.536020474,0.111356919,2046,389,,116068.832
Bago (West),MMR111,Pyay,Pyay,MMR008001,MMR008001,259960.5467,,0.125583434,0.529488619,0.235105961,0.625593181,0.139300858,0,0,,259960.5467
Bago (West),MMR111,Pyay,Paukkhaung,MMR008002,MMR008002,127549.4811,,0.125583434,0.515756171,0.263094347,0.616788821,0.120116831,0,0,,127549.4811
Bago (West),MMR111,Pyay,Padaung,MMR008003,MMR008003,149187.8096,,0.125583434,0.524487942,0.243166368,0.603569746,0.153263885,0,0,,149187.8096
Bago (West),MMR111,Pyay,Paungde,MMR008004,MMR008004,142452.0253,,0.125583434,0.52451797,0.234410832,0.610552681,0.155036487,0,0,,142452.0253
Bago (West),MMR111,Pyay,Thegon,MMR008005,MMR008005,136274.9731,,0.125583434,0.535020084,0.21706681,0.614178404,0.168754786,0,0,,136274.9731
Bago (West),MMR111,Pyay,Shwedaung,MMR008006,MMR008006,126700.8498,,0.125583434,0.540851754,0.228738531,0.60224771,0.169013759,0,0,,126700.8498
Bago (West),MMR111,Thayarwady,Thayarwady,MMR008007,MMR008007,154502.9572,,0.125583434,0.524020724,0.304586681,0.559225248,0.136188071,0,0,,154502.9572
Bago (West),MMR111,Thayarwady,Letpadan,MMR008008,MMR008008,181224.3863,,0.125583434,0.529444144,0.314845463,0.548426616,0.136727921,0,0,,181224.3863
Bago (West),MMR111,Thayarwady,Minhla,MMR008009,MMR008009,125868.8135,,0.125583434,0.528081632,0.281478643,0.574711878,0.14380948,0,0,,125868.8135
Bago (West),MMR111,Thayarwady,Okpho,MMR008010,MMR008010,130228.6517,,0.125583434,0.526108541,0.277505546,0.582580235,0.139914219,0,0,,130228.6517
Bago (West),MMR111,Thayarwady,Zigon,MMR008011,MMR008011,70193.80134,,0.125583434,0.529827485,0.235203892,0.597167831,0.167628277,0,0,,70193.80134
Bago (West),MMR111,Thayarwady,Nattalin,MMR008012,MMR008012,178137.11,,0.125583434,0.528571064,0.239544959,0.60580083,0.154654212,0,0,,178137.11
Bago (West),MMR111,Thayarwady,Monyo,MMR008013,MMR008013,131403.2926,,0.125583434,0.529756363,0.280075676,0.564123041,0.155801283,0,0,,131403.2926
Bago (West),MMR111,Thayarwady,Gyobingauk,MMR008014,MMR008014,121787.3544,,0.125583434,0.531099114,0.240518124,0.601716798,0.157765078,0,0,,121787.3544
Magway,MMR009,Magway,Magway,MMR009001,MMR009001,289340.0722,,0.170275753,0.539736893,0.292791437,0.584321387,0.122887176,2893,550,,285897.0722
Magway,MMR009,Magway,Yenangyaung,MMR009002,MMR009002,135718.7332,,0.170275753,0.559116424,0.304146437,0.548876908,0.146976655,0,0,,135718.7332
Magway,MMR009,Magway,Chauk,MMR009003,MMR009003,186951.0271,,0.170275753,0.562179416,0.297130166,0.558324391,0.144545443,0,0,,186951.0271
Magway,MMR009,Magway,Taungdwingyi,MMR009004,MMR009004,259436.6733,,0.170275753,0.534401344,0.313563147,0.564565413,0.12187144,0,0,,259436.6733
Magway,MMR009,Magway,Myothit,MMR009005,MMR009005,158802.5751,,0.170275753,0.541896609,0.341744057,0.532936442,0.125319502,0,0,,158802.5751
Magway,MMR009,Magway,Natmauk,MMR009006,MMR009006,207768.8621,,0.170275753,0.558602012,0.319587906,0.534008242,0.146403851,3008,572,,204188.8621
Magway,MMR009,Minbu,Minbu,MMR009007,MMR009007,187750.2269,,0.170275753,0.537918046,0.300272764,0.583453806,0.11627343,651,124,,186975.2269
Magway,MMR009,Minbu,Pwintbyu,MMR009008,MMR009008,163356.762,,0.170275753,0.537856555,0.302146057,0.578811491,0.119042452,0,0,,163356.762
Magway,MMR009,Minbu,Ngape,MMR009009,MMR009009,51621.27462,,0.170275753,0.526038972,0.329039326,0.558610581,0.112350093,516,98,,51007.27462
Magway,MMR009,Minbu,Salin,MMR009010,MMR009010,236364.9032,,0.170275753,0.546069127,0.303342589,0.569957981,0.12669943,0,0,,236364.9032
Magway,MMR009,Minbu,Sidoktaya,MMR009011,MMR009011,47342.92736,,0.170275753,0.516147742,0.314060957,0.556522455,0.129416588,473,90,,46779.92736
Magway,MMR009,Thayet,Thayet,MMR009012,MMR009012,104667.4419,,0.170275753,0.535045016,0.256633807,0.609200973,0.13416522,0,0,,104667.4419
Magway,MMR009,Thayet,Minhla,MMR009013,MMR009013,144398.9653,,0.170275753,0.506084964,0.279795921,0.613759543,0.106444536,0,0,,144398.9653
Magway,MMR009,Thayet,Mindon,MMR009014,MMR009014,60559.7256,,0.170275753,0.538273842,0.24339333,0.575695073,0.180911596,0,0,,60559.7256
Magway,MMR009,Thayet,Kamma,MMR009015,MMR009015,75925.95121,,0.170275753,0.531401946,0.247953916,0.602685999,0.149360085,759,144,,75022.95121
Magway,MMR009,Thayet,Aunglan,MMR009016,MMR009016,234670.6744,,0.170275753,0.531488763,0.291356766,0.591492021,0.117151213,0,0,,234670.6744
Magway,MMR009,Thayet,Sinbaungwe,MMR009017,MMR009017,117212.3488,,0.170275753,0.533390907,0.301329396,0.576877147,0.121793457,0,0,,117212.3488
Magway,MMR009,Pakokku,Pakokku,MMR009018,MMR009018,291599.0534,,0.170275753,0.557370726,0.29758248,0.564213304,0.138204215,24114,4582,,262903.0534
Magway,MMR009,Pakokku,Yesagyo,MMR009019,MMR009019,216678.4559,,0.170275753,0.568900867,0.307462104,0.548851051,0.143686844,16757,3184,,196737.4559
Magway,MMR009,Pakokku,Myaing,MMR009020,MMR009020,226800.541,,0.170275753,0.560314217,0.315640007,0.536090142,0.148269851,15521,2949,,208330.541
Magway,MMR009,Pakokku,Pauk,MMR009021,MMR009021,170553.0521,,0.170275753,0.544772435,0.353593679,0.528577576,0.117828745,17743,3371,,149439.0521
Magway,MMR009,Pakokku,Seikphyu,MMR009022,MMR009022,102300.0198,,0.170275753,0.549336928,0.339049738,0.542957438,0.117992824,11412,2168,,88720.01979
Magway,MMR009,Gangaw,Gangaw,MMR009023,MMR009023,132980.7017,,0.170275753,0.530608947,0.294961127,0.588807722,0.11623115,79955,15191,,37834.70167
Magway,MMR009,Gangaw,Tilin,MMR009024,MMR009024,49721.99928,,0.170275753,0.542135732,0.251066622,0.576112521,0.172820858,18083,3436,,28202.99928
Magway,MMR009,Gangaw,Saw,MMR009025,MMR009025,69541.03261,,0.170275753,0.534715334,0.265732231,0.583011543,0.151256226,31001,5890,,32650.03261
Mandalay,MMR010,Mandalay,Aungmyaythazan,MMR010001,MMR010001,287592.1048,,0.10165983,0.516586268,0.252611204,0.647863784,0.099525012,2876,546,,284170.1048
Mandalay,MMR010,Mandalay,Chanayethazan,MMR010002,MMR010002,213578.5364,,0.10165983,0.531762957,0.22044734,0.673584806,0.105967854,0,0,,213578.5364
Mandalay,MMR010,Mandalay,Mahaaungmyay,MMR010003,MMR010003,259905.3188,,0.10165983,0.519483798,0.248295448,0.660567354,0.091137198,52,10,,259843.3188
Mandalay,MMR010,Mandalay,Chanmyathazi,MMR010004,MMR010004,305589.3494,,0.10165983,0.519488897,0.275117548,0.637017943,0.08786451,3056,581,,301952.3494
Mandalay,MMR010,Mandalay,Pyigyitagon,MMR010005,MMR010005,254379.7842,,0.10165983,0.49568312,0.296566099,0.628909771,0.07452413,51,10,,254318.7842
Mandalay,MMR010,Mandalay,Amarapura,MMR010006,MMR010006,257123.2448,,0.10165983,0.523042127,0.284534931,0.614755005,0.100710064,51,10,,257062.2448
Mandalay,MMR010,Mandalay,Patheingyi,MMR010007,MMR010007,283288.2628,,0.10165983,0.513923888,0.312306161,0.60516505,0.082528789,0,0,,283288.2628
Mandalay,MMR010,Pyinoolwin,Pyinoolwin,MMR010008,MMR010008,274996.5186,,0.10165983,0.503053783,0.288831495,0.623960814,0.087207691,0,0,,274996.5186
Mandalay,MMR010,Pyinoolwin,Madaya,MMR010009,MMR010009,278347.7232,,0.10165983,0.527558923,0.317671654,0.585408999,0.096919347,2783,529,,275035.7232
Mandalay,MMR010,Pyinoolwin,Singu,MMR010010,MMR010010,169738.0282,,0.10165983,0.516141589,0.32218951,0.584910157,0.092900333,0,0,,169738.0282
Mandalay,MMR010,Pyinoolwin,Mogoke,MMR010011,MMR010011,180414.623,,0.10165983,0.496578746,0.321619647,0.579164092,0.099216261,36,7,,180371.623
Mandalay,MMR010,Pyinoolwin,Thabeikkyin,MMR010012,MMR010012,174620.1513,,0.10165983,0.493523556,0.361854498,0.575881789,0.062263713,0,0,,174620.1513
Mandalay,MMR010,Kyaukse,Kyaukse,MMR010013,MMR010013,278800.8742,,0.10165983,0.521125029,0.294168319,0.609555665,0.096276016,0,0,,278800.8742
Mandalay,MMR010,Kyaukse,Sintgaing,MMR010014,MMR010014,161989.9581,,0.10165983,0.526544382,0.275179169,0.615071754,0.109749077,1620,308,,160061.9581
Mandalay,MMR010,Kyaukse,Myittha,MMR010015,MMR010015,212126.596,,0.10165983,0.530615362,0.297277374,0.596385854,0.106336772,0,0,,212126.596
Mandalay,MMR010,Kyaukse,Tada-U,MMR010016,MMR010016,151483.8607,,0.10165983,0.538261061,0.276230746,0.594405103,0.129364151,0,0,,151483.8607
Mandalay,MMR010,Myingyan,Myingyan,MMR010017,MMR010017,301516.1511,,0.10165983,0.55643444,0.272092575,0.592893444,0.135013981,60,11,,301445.1511
Mandalay,MMR010,Myingyan,Taungtha,MMR010018,MMR010018,236047.3456,,0.10165983,0.557219799,0.307411426,0.552339155,0.140249419,0,0,,236047.3456
Mandalay,MMR010,Myingyan,Natogyi,MMR010019,MMR010019,193975.2962,,0.10165983,0.549165735,0.277097202,0.579750724,0.143152074,1940,369,,191666.2962
Mandalay,MMR010,Nyaung-U,Kyaukpadaung,MMR010020,MMR010020,286462.3326,,0.10165983,0.560487624,0.295341012,0.560042928,0.14461606,0,0,,286462.3326
Mandalay,MMR010,Myingyan,Ngazun,MMR010021,MMR010021,136169.5258,,0.10165983,0.549705848,0.278335898,0.571117096,0.150547006,0,0,,136169.5258
Mandalay,MMR010,Nyaung-U,Nyaung-U,MMR010022,MMR010022,262457.1475,,0.10165983,0.549390177,0.274005361,0.589715209,0.13627943,0,0,,262457.1475
Mandalay,MMR010,Yamethin,Yamethin,MMR010023,MMR010023,279744.2488,,0.10165983,0.518909644,0.285686212,0.601211669,0.113102118,0,0,,279744.2488
Mandalay,MMR010,Yamethin,Pyawbwe,MMR010024,MMR010024,282657.8898,,0.10165983,0.546461026,0.302267409,0.572536808,0.125195783,0,0,,282657.8898
Mandalay,MMR010,Meiktila,Meiktila,MMR010028,MMR010028,337339.1977,,0.10165983,0.54469798,0.292246145,0.577603773,0.130150083,0,0,,337339.1977
Mandalay,MMR010,Meiktila,Mahlaing,MMR010029,MMR010029,153551.7978,,0.10165983,0.551068331,0.284415673,0.556772274,0.158812053,0,0,,153551.7978
Mandalay,MMR010,Meiktila,Thazi,MMR010030,MMR010030,219766.875,,0.10165983,0.53351467,0.31232036,0.573236978,0.114442662,0,0,,219766.875
Mandalay,MMR010,Meiktila,Wundwin,MMR010031,MMR010031,251138.2576,,0.10165983,0.542405943,0.269217966,0.596201292,0.134580742,0,0,,251138.2576
Mon,MMR011,Mawlamyine,Mawlamyine,MMR011001,MMR011001,279086.2051,,0.152277078,0.532749108,0.285484219,0.577660987,0.136854794,68,13,,279005.2051
Mon,MMR011,Mawlamyine,Kyaikmaraw,MMR011002,MMR011002,185718.5607,,0.152277078,0.538524829,0.368084002,0.503886268,0.12802973,0,0,,185718.5607
Mon,MMR011,Mawlamyine,Chaungzon,MMR011003,MMR011003,117626.2771,,0.152277078,0.558580724,0.315201953,0.524732811,0.160065235,0,0,,117626.2771
Mon,MMR011,Mawlamyine,Thanbyuzayat,MMR011004,MMR011004,162860.6912,,0.152277078,0.535187314,0.324239124,0.543042965,0.132717912,0,0,,162860.6912
Mon,MMR011,Mawlamyine,Mudon,MMR011005,MMR011005,183950.3348,,0.152277078,0.541525139,0.299698772,0.547088442,0.153212785,0,0,,183950.3348
Mon,MMR011,Mawlamyine,Ye,MMR011006,MMR011006,250116.5432,,0.152277078,0.522361386,0.337164708,0.540776812,0.122058479,50,10,,250056.5432
Mon,MMR011,Thaton,Thaton,MMR011007,MMR011007,226224.5125,,0.152277078,0.522644062,0.357598899,0.52166814,0.120732961,13201,2508,,210515.5125
Mon,MMR011,Thaton,Paung,MMR011008,MMR011008,207768.443,,0.152277078,0.529568933,0.352927939,0.516965566,0.130106495,0,0,,207768.443
Mon,MMR011,Thaton,Kyaikto,MMR011009,MMR011009,174662.0589,,0.152277078,0.522624003,0.351209792,0.547905229,0.100884979,27821,5286,,141555.0589
Mon,MMR011,Thaton,Bilin,MMR011010,MMR011010,171425.3735,,0.152277078,0.525693008,0.362218788,0.518756452,0.119024759,21903,4162,,145360.3735
Rakhine,MMR012,Sittwe,Sittwe,MMR012001,MMR012001,239094.2717,,0.173457788,0.519969594,0.310918841,0.592188706,0.096892452,122622,23298,83807,9367.271683
Rakhine,MMR012,Sittwe,Ponnagyun,MMR012002,MMR012002,208337.2043,,0.173457788,0.534216219,0.374679012,0.522265567,0.103055421,4074,774,2618,200871.2043
Rakhine,MMR012,Mrauk-U,Mrauk-U,MMR012003,MMR012003,304949.5005,,0.173457788,0.53408591,0.36625546,0.532196674,0.101547866,31513,5987,26739,240710.5005
Rakhine,MMR012,Mrauk-U,Kyauktaw,MMR012004,MMR012004,278748.4957,,0.173457788,0.546673335,0.361487687,0.525518914,0.112993399,11622,2208,53431,211487.4957
Rakhine,MMR012,Mrauk-U,Minbya,MMR012005,MMR012005,271265.6714,,0.173457788,0.530060675,0.38020319,0.523360888,0.096435923,1387,264,33369,236245.6714
Rakhine,MMR012,Mrauk-U,Myebon,MMR012006,MMR012006,219757.6638,,0.173457788,0.520569702,0.381328331,0.522467989,0.096203679,4669,887,,214201.6638
Rakhine,MMR012,Sittwe,Pauktaw,MMR012007,MMR012007,232770.1956,,0.173457788,0.528635486,0.394949595,0.517947056,0.087103348,26697,5072,16141,184860.1956
Rakhine,MMR012,Sittwe,Rathedaung,MMR012008,MMR012008,139529,,0.173457788,0.55135267,0.383167021,0.501878968,0.114954011,18582,3531,9609,107807
Rakhine,MMR012,Maungdaw,Maungdaw,MMR012009,MMR012009,114535,,0.173457788,0.476671401,0.361782665,0.566223978,0.071993357,19047,3619,73035,18834
Rakhine,MMR012,Maungdaw,Buthidaung,MMR012010,MMR012010,206704,,0.173457788,0.4959183,0.384589345,0.540482768,0.074927887,10579,2010,147992,46123
Rakhine,MMR012,Kyaukpyu,Kyaukpyu,MMR012011,MMR012011,267026.25,,0.173457788,0.522622208,0.331587152,0.538000892,0.130411956,1001,190,,265835.25
Rakhine,MMR012,Kyaukpyu,Munaung,MMR012012,MMR012012,93387.01399,,0.173457788,0.565762677,0.242317638,0.537442747,0.220239615,0,0,,93387.01399
Rakhine,MMR012,Kyaukpyu,Ramree,MMR012013,MMR012013,158906.8835,,0.173457788,0.543100736,0.309780646,0.528575648,0.161643706,0,0,,158906.8835
Rakhine,MMR012,Kyaukpyu,Ann,MMR012014,MMR012014,192654.6402,,0.173457788,0.505970149,0.361566332,0.54137994,0.097053729,1118,212,,191324.6402
Rakhine,MMR012,Thandwe,Thandwe,MMR012015,MMR012015,217432.8044,,0.173457788,0.511791478,0.265564537,0.590504254,0.143931209,0,0,,217432.8044
Rakhine,MMR012,Thandwe,Toungup,MMR012016,MMR012016,256269.8189,,0.173457788,0.510491549,0.323118289,0.554055374,0.122826337,0,0,,256269.8189
Rakhine,MMR012,Thandwe,Gwa,MMR012017,MMR012017,107520.8362,,0.173457788,0.506628506,0.265518302,0.572182246,0.162299452,0,0,,107520.8362
Yangon,MMR013,Yangon (North),Insein,MMR013001,MMR013001,367570.9311,,0.124295204,0.527745006,0.244100836,0.650121963,0.105777202,3676,698,,363196.9311
Yangon,MMR013,Yangon (North),Mingaladon,MMR013002,MMR013002,397346.8718,,0.124295204,0.527817347,0.263695879,0.644138328,0.092165794,0,0,,397346.8718
Yangon,MMR013,Yangon (North),Hmawbi,MMR013003,MMR013003,293370.7185,,0.124295204,0.511415549,0.303208805,0.60160598,0.095185215,0,0,,293370.7185
Yangon,MMR013,Yangon (North),Hlegu,MMR013004,MMR013004,323764.958,,0.124295204,0.509886865,0.322643975,0.587843453,0.089512571,0,0,,323764.958
Yangon,MMR013,Yangon (North),Taikkyi,MMR013005,MMR013005,333895.6684,,0.124295204,0.520925698,0.313284608,0.57914727,0.107568122,0,0,,333895.6684
Yangon,MMR013,Yangon (North),Htantabin,MMR013006,MMR013006,174639.0502,,0.124295204,0.512536377,0.329038415,0.582187731,0.088773854,0,0,,174639.0502
Yangon,MMR013,Yangon (North),Shwepyithar,MMR013007,MMR013007,411830.0972,,0.124295204,0.527242765,0.281986493,0.626333818,0.09167969,0,0,,411830.0972
Yangon,MMR013,Yangon (East),Thingangyun,MMR013009,MMR013009,252869.0283,,0.124295204,0.536577081,0.232295446,0.643427071,0.124277483,2529,481,,249859.0283
Yangon,MMR013,Yangon (East),Yankin,MMR013010,MMR013010,85965.51484,,0.124295204,0.546439505,0.209544046,0.650074419,0.140381535,860,163,,84942.51484
Yangon,MMR013,Yangon (East),South Okkalapa,MMR013011,MMR013011,194878.821,,0.124295204,0.539293814,0.211380237,0.654830662,0.1337891,1949,370,,192559.821
Yangon,MMR013,Yangon (East),North Okkalapa,MMR013012,MMR013012,400937.3556,,0.124295204,0.537504969,0.240895588,0.647527627,0.111576785,0,0,,400937.3556
Yangon,MMR013,Yangon (East),Thaketa,MMR013013,MMR013013,266005.162,,0.124295204,0.521840803,0.233898818,0.651375993,0.114725189,2660,505,,262840.162
Yangon,MMR013,Yangon (East),Dawbon,MMR013014,MMR013014,90615.3985,,0.124295204,0.519136558,0.265080223,0.63790232,0.097017456,906,172,,89537.3985
Yangon,MMR013,Yangon (East),Tamwe,MMR013015,MMR013015,200616.9314,,0.124295204,0.555843838,0.205824802,0.657202097,0.136973101,2006,381,,198229.9314
Yangon,MMR013,Yangon (East),Pazundaung,MMR013016,MMR013016,58882.83887,,0.124295204,0.550957652,0.196206377,0.655520257,0.148273366,589,112,,58181.83887
Yangon,MMR013,Yangon (East),Botahtaung,MMR013017,MMR013017,49633.31769,,0.124295204,0.534697701,0.204046156,0.666347633,0.129606211,496,94,,49043.31769
Yangon,MMR013,Yangon (East),Dagon Myothit (South),MMR013018,MMR013018,445991.7614,,0.124295204,0.518305458,0.281653438,0.627112271,0.091234291,0,0,,445991.7614
Yangon,MMR013,Yangon (East),Dagon Myothit (North),MMR013019,MMR013019,247861.7567,,0.124295204,0.536039981,0.231609287,0.619156343,0.149234369,2479,471,,244911.7567
Yangon,MMR013,Yangon (East),Dagon Myothit (East),MMR013020,MMR013020,199007.1885,,0.124295204,0.517937492,0.278271626,0.62081338,0.100914994,0,0,,199007.1885
Yangon,MMR013,Yangon (East),Dagon Myothit (Seikkan),MMR013021,MMR013021,200709.8613,,0.124295204,0.51078208,0.292892939,0.628298724,0.078808337,0,0,,200709.8613
Yangon,MMR013,Yangon (East),Mingalartaungnyunt,MMR013022,MMR013022,160464.5023,,0.124295204,0.534846092,0.22951736,0.651444267,0.119038373,0,0,,160464.5023
Yangon,MMR013,Yangon (South),Thanlyin,MMR013023,MMR013023,322739.8729,,0.124295204,0.519172148,0.286573851,0.615167205,0.098258944,0,0,,322739.8729
Yangon,MMR013,Yangon (South),Kyauktan,MMR013024,MMR013024,201873.5755,,0.124295204,0.519396922,0.282024624,0.613070444,0.104904931,0,0,,201873.5755
Yangon,MMR013,Yangon (South),Thongwa,MMR013025,MMR013025,190768.3527,,0.124295204,0.528235891,0.299684625,0.591127458,0.109187916,0,0,,190768.3527
Yangon,MMR013,Yangon (South),Kayan,MMR013026,MMR013026,190509.8348,,0.124295204,0.528876988,0.311789973,0.576776518,0.111433509,0,0,,190509.8348
Yangon,MMR013,Yangon (South),Twantay,MMR013027,MMR013027,271544.0443,,0.124295204,0.515139909,0.332020668,0.578931846,0.089047486,0,0,,271544.0443
Yangon,MMR013,Yangon (South),Kawhmu,MMR013028,MMR013028,143114.296,,0.124295204,0.516996617,0.322338641,0.578584551,0.099076808,0,0,,143114.296
Yangon,MMR013,Yangon (South),Kungyangon,MMR013029,MMR013029,134600.1962,,0.124295204,0.521913622,0.314912354,0.580969033,0.104118613,1346,256,,132998.1962
Yangon,MMR013,Yangon (South),Dala,MMR013030,MMR013030,207090.4662,,0.124295204,0.515674427,0.320832072,0.595769616,0.083398312,0,0,,207090.4662
Yangon,MMR013,Yangon (South),Seikgyikanaungto,MMR013031,MMR013031,40792.12628,,0.124295204,0.504123988,0.327664794,0.589922442,0.082412764,0,0,,40792.12628
Yangon,MMR013,Yangon (South),Cocokyun,MMR013032,MMR013032,2338.491247,,0.124295204,0.336512533,0.216595444,0.740689995,0.042714561,0,0,,2338.491247
Yangon,MMR013,Yangon (West),Kyauktada,MMR013033,MMR013033,36399.28456,,0.124295204,0.547101604,0.172810086,0.666001326,0.161188588,7,1,,36391.28456
Yangon,MMR013,Yangon (West),Pabedan,MMR013034,MMR013034,40436.04901,,0.124295204,0.552746707,0.208535245,0.642853635,0.14861112,0,0,,40436.04901
Yangon,MMR013,Yangon (West),Lanmadaw,MMR013035,MMR013035,56958.86347,,0.124295204,0.576653055,0.150355891,0.707160407,0.142483702,570,108,,56280.86347
Yangon,MMR013,Yangon (West),Latha,MMR013036,MMR013036,30410.44691,,0.124295204,0.577699829,0.140075625,0.694722341,0.165202034,0,0,,30410.44691
Yangon,MMR013,Yangon (West),Ahlone,MMR013037,MMR013037,67099.45145,,0.124295204,0.546469651,0.193723172,0.676007196,0.130269632,671,127,,66301.45145
Yangon,MMR013,Yangon (West),Kyeemyindaing,MMR013038,MMR013038,134561.6661,,0.124295204,0.534740818,0.250385383,0.639087735,0.110526882,1346,256,,132959.6661
Yangon,MMR013,Yangon (West),Sanchaung,MMR013039,MMR013039,120665.8195,,0.124295204,0.564957136,0.180027249,0.676138631,0.14383412,24,5,,120636.8195
Yangon,MMR013,Yangon (West),Hlaing,MMR013040,MMR013040,193788.6751,,0.124295204,0.539763261,0.204445713,0.672574462,0.122979825,1938,368,,191482.6751
Yangon,MMR013,Yangon (West),Kamaryut,MMR013041,MMR013041,101824.4101,,0.124295204,0.567765535,0.177272921,0.70042186,0.122305219,20,4,,101800.4101
Yangon,MMR013,Yangon (West),Mayangone,MMR013042,MMR013042,238482.5502,,0.124295204,0.534916519,0.224557625,0.663764394,0.111677981,2385,453,,235644.5502
Yangon,MMR013,Yangon (West),Dagon,MMR013043,MMR013043,30183.20097,,0.124295204,0.533263513,0.198916733,0.673553364,0.127529903,6,1,,30176.20097
Yangon,MMR013,Yangon (West),Bahan,MMR013044,MMR013044,116946.2818,,0.124295204,0.537200295,0.184902045,0.677276159,0.137821795,1169,222,,115555.2818
Yangon,MMR013,Yangon (West),Seikkan,MMR013045,MMR013045,3369.607673,,0.124295204,0.408526113,0.221047506,0.707852742,0.071099752,0,0,,3369.607673
Yangon,MMR013,,Hlaingtharya (East),MMR013046,#N/A,618275.8092,,0.124295204,0.532844288,0.276102036,0.657548415,0.066349549,0,0,,618275.8092
Yangon,MMR013,,Hlaingtharya (West),MMR013047,#N/A,201609.8945,,0.124295204,0.532844288,0.276102036,0.657548415,0.066349549,0,0,,201609.8945
Shan (South),MMR222,Taunggyi,Taunggyi,MMR014001,MMR014001,503620.7488,,0.086218051,0.516300203,0.318754136,0.588972162,0.092273701,6522,1239,,495859.7488
Shan (South),MMR222,Taunggyi,Nyaungshwe,MMR014002,MMR014002,217900.1963,,0.086218051,0.503520185,0.313990115,0.589935746,0.096074139,12889,2449,,202562.1963
Shan (South),MMR222,Pa-O Self-Administered Zone,Hopong,MMR014003,MMR014003,128348.5253,,0.086218051,0.50743052,0.369877166,0.555187548,0.074935286,1253,238,,126857.5253
Shan (South),MMR222,Pa-O Self-Administered Zone,Hsihseng,MMR014004,MMR014004,174167.7194,,0.086218051,0.512770823,0.402203161,0.530740572,0.067056266,25783,4899,,143485.7194
Shan (South),MMR222,Taunggyi,Kalaw,MMR014005,MMR014005,212956.6381,,0.086218051,0.501918392,0.333391479,0.586708967,0.079899553,2544,483,,209929.6381
Shan (South),MMR222,Danu Self-Administered Zone,Pindaya,MMR014006,MMR014006,91007.92235,,0.086218051,0.517133711,0.343589386,0.560909346,0.095501267,1585,301,,89121.92235
Shan (South),MMR222,Danu Self-Administered Zone,Ywangan,MMR014007,MMR014007,94661.90439,,0.086218051,0.504312465,0.343868052,0.558404103,0.097727845,19,4,,94638.90439
Shan (South),MMR222,Taunggyi,Lawksawk,MMR014008,MMR014008,188076.0928,,0.086218051,0.489214601,0.349987645,0.578743466,0.07126889,583,111,,187382.0928
Shan (South),MMR222,Pa-O Self-Administered Zone,Pinlaung,MMR014009,MMR014009,219988.5814,,0.086218051,0.505941352,0.350735859,0.56583245,0.083431691,21257,4039,,194692.5814
Shan (South),MMR222,Taunggyi,Pekon,MMR014010,MMR014010,117598.4381,,0.086218051,0.496393555,0.421453347,0.51592648,0.062620173,106835,20299,,0
Shan (South),MMR222,Loilen,Loilen,MMR014011,MMR014011,142577.6886,,0.086218051,0.517215121,0.378469451,0.532405924,0.089124625,539,102,,141936.6886
Shan (South),MMR222,Loilen,Laihka,MMR014012,MMR014012,56040.95786,,0.086218051,0.518608573,0.324454839,0.58475483,0.090790331,2629,500,,52911.95786
Shan (South),MMR222,Loilen,Nansang,MMR014013,MMR014013,133436.0498,,0.086218051,0.494817877,0.360702823,0.567612821,0.071684356,0,0,,133436.0498
Shan (South),MMR222,Loilen,Kunhing,MMR014014,MMR014014,61513.19247,,0.086218051,0.5031955,0.318002373,0.582771573,0.099226054,558,106,,60849.19247
Shan (South),MMR222,Loilen,Kyethi,MMR014015,MMR014015,85226.86495,,0.086218051,0.525368695,0.364970089,0.546375167,0.088654744,1837,349,,83040.86495
Shan (South),MMR222,Loilen,Mongkaing,MMR014016,MMR014016,85786.54676,,0.086218051,0.5294657,0.350780304,0.538944714,0.110274981,21887,4159,,59740.54676
Shan (South),MMR222,Loilen,Monghsu,MMR014017,MMR014017,83089.59978,,0.086218051,0.502575409,0.356476404,0.571397837,0.072125759,0,0,,83089.59978
Shan (South),MMR222,Langkho,Langkho,MMR014018,MMR014018,47240.48739,,0.086218051,0.502184689,0.257183006,0.597480961,0.145336033,0,0,,47240.48739
Shan (South),MMR222,Langkho,Mongnai,MMR014019,MMR014019,45447.78665,,0.086218051,0.495577211,0.332678118,0.567778911,0.099542971,0,0,,45447.78665
Shan (South),MMR222,Langkho,Mawkmai,MMR014020,MMR014020,38617.64179,,0.086218051,0.511359239,0.398430122,0.524811699,0.076758179,467,89,,38061.64179
Shan (South),MMR222,Langkho,Mongpan,MMR014021,MMR014021,29849.25954,,0.086218051,0.468369483,0.29288865,0.615931977,0.091179374,933,177,,28739.25954
Shan (North),MMR222,Lashio,Lashio,MMR015001,MMR015001,371388.5508,,0.086218051,0.512973335,0.344521041,0.558373524,0.097105434,10454,1986,,358948.5508
Shan (North),MMR222,Lashio,Hseni,MMR015002,MMR015002,65280.11396,,0.086218051,0.498455445,0.351161551,0.544657755,0.104180694,1120,213,,63947.11396
Shan (North),MMR222,Lashio,Mongyai,MMR015003,MMR015003,68116.52227,,0.086218051,0.522591951,0.345966924,0.569281789,0.084751287,0,0,,68116.52227
Shan (North),MMR222,Lashio,Tangyan,MMR015004,MMR015004,197348.4686,,0.086218051,0.515163839,0.384985117,0.529476832,0.085538051,1197,227,,195924.4686
Shan (North),MMR222,Matman,Pangsang (Panghkam),MMR015005,MMR015005,120299.3809,,0.086218051,0.480424263,0.400196792,0.533552112,0.066251096,0,0,,120299.3809
Shan (North),MMR222,Matman,Narphan,MMR015006,MMR015006,131696.6474,,0.086218051,0.48991957,0.44092124,0.472732421,0.086346339,0,0,,131696.6474
Shan (North),MMR222,Hopang,Pangwaun,MMR015007,MMR015007,110025.0106,,0.086218051,0.497902624,0.447280636,0.462343212,0.090376151,0,0,,110025.0106
Shan (North),MMR222,Hopang,Mongmao,MMR015008,MMR015008,80323.67278,,0.086218051,0.487193071,0.432711639,0.474095654,0.093192707,0,0,,80323.67278
Shan (North),MMR222,Muse,Muse,MMR015009,MMR015009,197071.281,,0.086218051,0.48873354,0.313517023,0.604518007,0.08196497,8919,1695,,186457.281
Shan (North),MMR222,Muse,Namhkan,MMR015010,MMR015010,123118.5908,,0.086218051,0.524023732,0.343312368,0.554530011,0.102157621,765,145,,122208.5908
Shan (North),MMR222,Muse,Kutkai,MMR015011,MMR015011,199360.5261,,0.086218051,0.50165165,0.41104087,0.497874907,0.091084223,8354,1587,,189419.5261
Shan (North),MMR222,Kyaukme,Kyaukme,MMR015012,MMR015012,198633.363,,0.086218051,0.522646012,0.332680993,0.561022139,0.106296867,20877,3967,,173789.363
Shan (North),MMR222,Kyaukme,Nawnghkio,MMR015013,MMR015013,172062.7247,,0.086218051,0.49663207,0.321112907,0.593074486,0.085812607,2578,490,,168994.7247
Shan (North),MMR222,Kyaukme,Hsipaw,MMR015014,MMR015014,202489.3466,,0.086218051,0.514283875,0.331486442,0.583742728,0.084770829,24805,4713,,172971.3466
Shan (North),MMR222,Kyaukme,Namtu,MMR015015,MMR015015,58159.48357,,0.086218051,0.517449001,0.354325777,0.539788949,0.105885274,13892,2639,,41628.48357
Shan (North),MMR222,Pa Laung Self-Administered Zone,Namhsan,MMR015016,MMR015016,83056.83708,,0.086218051,0.549743686,0.363636744,0.537094397,0.099268859,4393,835,,77828.83708
Shan (North),MMR222,Mongmit,Mongmit,MMR015017,MMR015017,72968.6042,,0.086218051,0.50473057,0.33063295,0.571156414,0.098210636,956,182,,71830.6042
Shan (North),MMR222,Mongmit,Mabein,MMR015018,MMR015018,54350.3099,,0.086218051,0.486010964,0.321713936,0.596444566,0.081841498,0,0,,54350.3099
Shan (North),MMR222,Pa Laung Self-Administered Zone,Manton,MMR015019,MMR015019,44077.3552,,0.086218051,0.520001061,0.409843266,0.506557258,0.083599476,324,62,,43691.3552
Shan (North),MMR222,Lashio,Kunlong,MMR015020,MMR015020,67040.90435,,0.086218051,0.477034917,0.417368682,0.49457772,0.088053598,845,161,,66034.90435
Shan (North),MMR222,Hopang,Hopang,MMR015021,MMR015021,69851.26625,,0.086218051,0.487082794,0.392203981,0.516988065,0.090807955,0,0,,69851.26625
Shan (North),MMR222,Kokang Self-Administered Zone,Laukkaing,MMR015022,MMR015022,107921.61,,0.086218051,0.474181182,0.373913079,0.553956428,0.072130493,2333,443,,105145.61
Shan (North),MMR222,Kokang Self-Administered Zone,Konkyan,MMR015023,MMR015023,68384.39343,,0.086218051,0.484736083,0.410511485,0.504151155,0.085337361,0,0,,68384.39343
Shan (North),MMR222,Matman,Matman,MMR015024,MMR015024,22408.5248,,0.086218051,0.490813517,0.449693098,0.485030035,0.065276867,0,0,,22408.5248
Shan (East),MMR222,Kengtung,Kengtung,MMR016001,MMR016001,197598.4783,,0.086218051,0.491936286,0.349253756,0.543828753,0.106917492,0,0,,197598.4783
Shan (East),MMR222,Kengtung,Mongkhet,MMR016002,MMR016002,50803.44709,,0.086218051,0.48814298,0.384870166,0.53154231,0.083587524,0,0,,50803.44709
Shan (East),MMR222,Kengtung,Mongyang,MMR016003,MMR016003,123452.9105,,0.086218051,0.490187025,0.350172253,0.558555853,0.091271894,0,0,,123452.9105
Shan (East),MMR222,Kengtung,Mongla,MMR016005,MMR016005,49509.03377,,0.086218051,0.484069898,0.246729131,0.685197754,0.068073115,0,0,,49509.03377
Shan (East),MMR222,Monghsat,Monghsat,MMR016006,MMR016006,118612.6231,,0.086218051,0.471663698,0.433020378,0.506191018,0.060788604,0,0,,118612.6231
Shan (East),MMR222,Kengtung,Mongping,MMR016007,MMR016007,78632.49615,,0.086218051,0.492881776,0.405324391,0.514597549,0.080078061,0,0,,78632.49615
Shan (East),MMR222,Monghsat,Mongton,MMR016008,MMR016008,79770.72738,,0.086218051,0.453170783,0.386880537,0.551559405,0.061560058,0,0,,79770.72738
Shan (East),MMR222,Tachileik,Tachileik,MMR016009,MMR016009,204066.2156,,0.086218051,0.49439179,0.309277896,0.60245074,0.088271364,0,0,,204066.2156
Shan (East),MMR222,Tachileik,Monghpyak,MMR016010,MMR016010,35130.44124,,0.086218051,0.471696603,0.368565327,0.544027209,0.087407464,0,0,,35130.44124
Shan (East),MMR222,Tachileik,Mongyawng,MMR016011,MMR016011,92607.29633,,0.086218051,0.479438651,0.301707528,0.590372289,0.107920183,0,0,,92607.29633
Ayeyarwady,MMR017,Pathein,Pathein,MMR017001,MMR017001,385609.1242,,0.173281789,0.518042174,0.294181781,0.590517574,0.115300645,3856,733,,381020.1242
Ayeyarwady,MMR017,Pathein,Kangyidaunt,MMR017002,MMR017002,179066.7477,,0.173281789,0.513613329,0.338074226,0.55904564,0.102880134,0,0,,179066.7477
Ayeyarwady,MMR017,Pathein,Thabaung,MMR017003,MMR017003,155584.4275,,0.173281789,0.511950689,0.345131823,0.544590868,0.11027731,0,0,,155584.4275
Ayeyarwady,MMR017,Pathein,Ngapudaw,MMR017004,MMR017004,327127.6112,,0.173281789,0.499557083,0.3369744,0.551220589,0.111805011,0,0,,327127.6112
Ayeyarwady,MMR017,Pathein,Kyonpyaw,MMR017005,MMR017005,239189.2437,,0.173281789,0.520639831,0.325174732,0.545164222,0.129661046,0,0,,239189.2437
Ayeyarwady,MMR017,Pathein,Yegyi,MMR017006,MMR017006,197932.3144,,0.173281789,0.527356023,0.304045309,0.553134404,0.142820287,0,0,,197932.3144
Ayeyarwady,MMR017,Pathein,Kyaunggon,MMR017007,MMR017007,165155.2668,,0.173281789,0.519457306,0.319612919,0.555431953,0.124955128,0,0,,165155.2668
Ayeyarwady,MMR017,Hinthada,Hinthada,MMR017008,MMR017008,346305.3676,,0.173281789,0.532106413,0.294531093,0.553358114,0.152110793,0,0,,346305.3676
Ayeyarwady,MMR017,Hinthada,Zalun,MMR017009,MMR017009,171492.338,,0.173281789,0.530279459,0.314082788,0.539339805,0.146577407,0,0,,171492.338
Ayeyarwady,MMR017,Hinthada,Lemyethna,MMR017010,MMR017010,104781.5538,,0.173281789,0.520946447,0.312043329,0.549000226,0.138956445,0,0,,104781.5538
Ayeyarwady,MMR017,Hinthada,Myanaung,MMR017011,MMR017011,225066.9552,,0.173281789,0.536278291,0.281783565,0.55051987,0.167696565,0,0,,225066.9552
Ayeyarwady,MMR017,Hinthada,Kyangin,MMR017012,MMR017012,99051.48971,,0.173281789,0.529072894,0.241954835,0.592149231,0.165895933,0,0,,99051.48971
Ayeyarwady,MMR017,Hinthada,Ingapu,MMR017013,MMR017013,220363.716,,0.173281789,0.526425117,0.293353117,0.539758387,0.166888496,0,0,,220363.716
Ayeyarwady,MMR017,Myaungmya,Myaungmya,MMR017014,MMR017014,301156.7514,,0.173281789,0.514033671,0.343682126,0.545094656,0.111223218,0,0,,301156.7514
Ayeyarwady,MMR017,Myaungmya,Einme,MMR017015,MMR017015,196128.9628,,0.173281789,0.514469439,0.34184571,0.542671067,0.115483223,0,0,,196128.9628
Ayeyarwady,MMR017,Labutta,Labutta,MMR017016,MMR017016,314571.0956,,0.173281789,0.496481312,0.365027657,0.547137084,0.087835259,0,0,,314571.0956
Ayeyarwady,MMR017,Myaungmya,Wakema,MMR017017,MMR017017,292895.3061,,0.173281789,0.515890356,0.336946591,0.541050948,0.122002461,0,0,,292895.3061
Ayeyarwady,MMR017,Labutta,Mawlamyinegyun,MMR017018,MMR017018,313967.6743,,0.173281789,0.510225378,0.341629793,0.545687564,0.112682643,0,0,,313967.6743
Ayeyarwady,MMR017,Maubin,Maubin,MMR017019,MMR017019,317836.4344,,0.173281789,0.515844293,0.343140077,0.537289963,0.11956996,0,0,,317836.4344
Ayeyarwady,MMR017,Maubin,Pantanaw,MMR017020,MMR017020,267781.4474,,0.173281789,0.517656726,0.330395139,0.547839818,0.121765043,0,0,,267781.4474
Ayeyarwady,MMR017,Maubin,Nyaungdon,MMR017021,MMR017021,218531.2584,,0.173281789,0.513328633,0.324765422,0.55146148,0.123773098,0,0,,218531.2584
Ayeyarwady,MMR017,Maubin,Danubyu,MMR017022,MMR017022,183071.7284,,0.173281789,0.525815027,0.308191707,0.547041903,0.14476639,0,0,,183071.7284
Ayeyarwady,MMR017,Pyapon,Pyapon,MMR017023,MMR017023,314387.588,,0.173281789,0.50630989,0.368618622,0.537684546,0.093696832,0,0,,314387.588
Ayeyarwady,MMR017,Pyapon,Bogale,MMR017024,MMR017024,323684.4338,,0.173281789,0.508102459,0.363042537,0.538712149,0.098245314,0,0,,323684.4338
Ayeyarwady,MMR017,Pyapon,Kyaiklat,MMR017025,MMR017025,195251.6232,,0.173281789,0.512209812,0.348199549,0.537337171,0.11446328,0,0,,195251.6232
Ayeyarwady,MMR017,Pyapon,Dedaye,MMR017026,MMR017026,204354.54,,0.173281789,0.511641775,0.342237964,0.547859015,0.109903021,0,0,,204354.54
Nay Pyi Taw,MMR018,Oke Ta Ra,Zay Yar Thi Ri,MMR018001,MMR018001,127920.7599,,0.10766915,0.504466916,0.271431625,0.650228569,0.078339806,0,0,,127920.7599
Nay Pyi Taw,MMR018,Det Khi Na,Za Bu Thi Ri,MMR018002,MMR018002,127241.5675,,0.10766915,0.53883822,0.225566259,0.707299963,0.067133778,0,0,,127241.5675
Nay Pyi Taw,MMR018,Oke Ta Ra,Tatkon,MMR018003,MMR018003,253564.5702,,0.10766915,0.525783986,0.269054166,0.613678104,0.11726773,0,0,,253564.5702
Nay Pyi Taw,MMR018,Det Khi Na,Det Khi Na Thi Ri,MMR018004,MMR018004,58176.14748,,0.10766915,0.47595751,0.260655767,0.668529348,0.070814885,0,0,,58176.14748
Nay Pyi Taw,MMR018,Oke Ta Ra,Poke Ba Thi Ri,MMR018005,MMR018005,134092.2237,,0.10766915,0.511582675,0.275463282,0.635121484,0.089415234,0,0,,134092.2237
Nay Pyi Taw,MMR018,Det Khi Na,Pyinmana,MMR018006,MMR018006,217219.6519,,0.10766915,0.521228335,0.270579131,0.622231711,0.107189157,0,0,,217219.6519
Nay Pyi Taw,MMR018,Det Khi Na,Lewe,MMR018007,MMR018007,329696.9242,,0.10766915,0.518507564,0.285637679,0.60611096,0.108251361,0,0,,329696.9242
Nay Pyi Taw,MMR018,Oke Ta Ra,Oke Ta Ra Thi Ri,MMR018008,MMR018008,93568.15525,,0.10766915,0.496113011,0.278959708,0.642870463,0.078169829,0,0,,93568.15525
